entity,type,value,valueOnHours,unit,legend,percent,date,chartDatasRow,channel
all,Bruit,0.10777777777777778,,H,6 minutes,1%,2022-01-01,[{'media': 'TVCI'}],BFT
all,Silence,0.5127777777777778,,H,30 minutes,3%,2022-01-01,[{'media': 'TVCI'}],BFT
all,Musique,1.0427777777777778,,H,1 heure 2 minutes,6%,2022-01-01,[{'media': 'TVCI'}],BFT
all,Femme,5.565833333333333,,H,5 heures 33 minutes,31%,2022-01-01,[{'media': 'TVCI'}],BFT
all,Homme,10.775,,H,10 heures 46 minutes,60%,2022-01-01,[{'media': 'TVCI'}],BFT
all,Bruit,0.16972222222222222,,H,10 minutes,1%,2022-01-02,[{'media': 'TVCI'}],BFT
all,Silence,0.4891666666666667,,H,29 minutes,3%,2022-01-02,[{'media': 'TVCI'}],BFT
all,Musique,0.8736111111111111,,H,52 minutes,5%,2022-01-02,[{'media': 'TVCI'}],BFT
all,Femme,6.895,,H,6 heures 53 minutes,38%,2022-01-02,[{'media': 'TVCI'}],BFT
all,Homme,9.57638888888889,,H,9 heures 34 minutes,53%,2022-01-02,[{'media': 'TVCI'}],BFT
all,Bruit,0.1386111111111111,,H,8 minutes,1%,2022-01-03,[{'media': 'TVCI'}],BFT
all,Silence,0.5130555555555556,,H,30 minutes,3%,2022-01-03,[{'media': 'TVCI'}],BFT
all,Musique,1.005,,H,1 heure 0 minute,6%,2022-01-03,[{'media': 'TVCI'}],BFT
all,Femme,5.444166666666667,,H,5 heures 26 minutes,30%,2022-01-03,[{'media': 'TVCI'}],BFT
all,Homme,10.903333333333334,,H,10 heures 54 minutes,61%,2022-01-03,[{'media': 'TVCI'}],BFT
all,Bruit,0.13444444444444445,,H,8 minutes,1%,2022-01-04,[{'media': 'TVCI'}],BFT
all,Silence,0.48055555555555557,,H,28 minutes,3%,2022-01-04,[{'media': 'TVCI'}],BFT
all,Musique,0.8980555555555556,,H,53 minutes,5%,2022-01-04,[{'media': 'TVCI'}],BFT
all,Femme,5.102222222222222,,H,5 heures 6 minutes,28%,2022-01-04,[{'media': 'TVCI'}],BFT
all,Homme,11.389166666666666,,H,11 heures 23 minutes,63%,2022-01-04,[{'media': 'TVCI'}],BFT
all,Bruit,0.13916666666666666,,H,8 minutes,1%,2022-01-05,[{'media': 'TVCI'}],BFT
all,Silence,0.6011111111111112,,H,36 minutes,3%,2022-01-05,[{'media': 'TVCI'}],BFT
all,Musique,0.8513888888888889,,H,51 minutes,5%,2022-01-05,[{'media': 'TVCI'}],BFT
all,Femme,5.489166666666667,,H,5 heures 29 minutes,30%,2022-01-05,[{'media': 'TVCI'}],BFT
all,Homme,10.923055555555555,,H,10 heures 55 minutes,61%,2022-01-05,[{'media': 'TVCI'}],BFT
all,Bruit,0.11222222222222222,,H,6 minutes,1%,2022-01-06,[{'media': 'TVCI'}],BFT
all,Silence,0.5047222222222222,,H,30 minutes,3%,2022-01-06,[{'media': 'TVCI'}],BFT
all,Musique,0.9036111111111111,,H,54 minutes,5%,2022-01-06,[{'media': 'TVCI'}],BFT
all,Femme,4.610277777777778,,H,4 heures 36 minutes,26%,2022-01-06,[{'media': 'TVCI'}],BFT
all,Homme,11.873055555555556,,H,11 heures 52 minutes,66%,2022-01-06,[{'media': 'TVCI'}],BFT
all,Bruit,0.12611111111111112,,H,7 minutes,1%,2022-01-07,[{'media': 'TVCI'}],BFT
all,Silence,0.5205555555555555,,H,31 minutes,3%,2022-01-07,[{'media': 'TVCI'}],BFT
all,Musique,1.025,,H,1 heure 1 minute,6%,2022-01-07,[{'media': 'TVCI'}],BFT
all,Femme,6.495555555555556,,H,6 heures 29 minutes,36%,2022-01-07,[{'media': 'TVCI'}],BFT
all,Homme,9.836944444444445,,H,9 heures 50 minutes,55%,2022-01-07,[{'media': 'TVCI'}],BFT
all,Femme,0.011666666666666667,,H,0 minute,42%,2022-01-08,[{'media': 'TVCI'}],BFT
all,Bruit,0.17916666666666667,,H,10 minutes,1%,2022-01-09,[{'media': 'TVCI'}],BFT
all,Musique,1.3455555555555556,,H,1 heure 20 minutes,8%,2022-01-09,[{'media': 'TVCI'}],BFT
all,Femme,4.808333333333334,,H,4 heures 48 minutes,27%,2022-01-09,[{'media': 'TVCI'}],BFT
all,Homme,11.195277777777777,,H,11 heures 11 minutes,64%,2022-01-09,[{'media': 'TVCI'}],BFT
all,Bruit,0.19916666666666666,,H,11 minutes,1%,2022-01-10,[{'media': 'TVCI'}],BFT
all,Musique,1.246388888888889,,H,1 heure 14 minutes,7%,2022-01-10,[{'media': 'TVCI'}],BFT
all,Femme,4.7444444444444445,,H,4 heures 44 minutes,27%,2022-01-10,[{'media': 'TVCI'}],BFT
all,Homme,11.242777777777778,,H,11 heures 14 minutes,64%,2022-01-10,[{'media': 'TVCI'}],BFT
all,Bruit,0.17027777777777778,,H,10 minutes,1%,2022-01-11,[{'media': 'TVCI'}],BFT
all,Musique,1.0866666666666667,,H,1 heure 5 minutes,6%,2022-01-11,[{'media': 'TVCI'}],BFT
all,Femme,4.918055555555555,,H,4 heures 55 minutes,28%,2022-01-11,[{'media': 'TVCI'}],BFT
all,Homme,11.33,,H,11 heures 19 minutes,65%,2022-01-11,[{'media': 'TVCI'}],BFT
all,Bruit,0.145,,H,8 minutes,1%,2022-01-12,[{'media': 'TVCI'}],BFT
all,Musique,0.9225,,H,55 minutes,5%,2022-01-12,[{'media': 'TVCI'}],BFT
all,Femme,5.595833333333333,,H,5 heures 35 minutes,32%,2022-01-12,[{'media': 'TVCI'}],BFT
all,Homme,10.6125,,H,10 heures 36 minutes,61%,2022-01-12,[{'media': 'TVCI'}],BFT
all,Bruit,0.20916666666666667,,H,12 minutes,1%,2022-01-13,[{'media': 'TVCI'}],BFT
all,Musique,1.0019444444444445,,H,1 heure 0 minute,6%,2022-01-13,[{'media': 'TVCI'}],BFT
all,Femme,5.8438888888888885,,H,5 heures 50 minutes,33%,2022-01-13,[{'media': 'TVCI'}],BFT
all,Homme,10.469722222222222,,H,10 heures 28 minutes,60%,2022-01-13,[{'media': 'TVCI'}],BFT
all,Bruit,0.24333333333333335,,H,14 minutes,1%,2022-01-14,[{'media': 'TVCI'}],BFT
all,Musique,1.1127777777777779,,H,1 heure 6 minutes,6%,2022-01-14,[{'media': 'TVCI'}],BFT
all,Femme,6.668888888888889,,H,6 heures 40 minutes,38%,2022-01-14,[{'media': 'TVCI'}],BFT
all,Homme,9.499166666666667,,H,9 heures 29 minutes,54%,2022-01-14,[{'media': 'TVCI'}],BFT
all,Bruit,0.18583333333333332,,H,11 minutes,1%,2022-01-15,[{'media': 'TVCI'}],BFT
all,Musique,1.1127777777777779,,H,1 heure 6 minutes,6%,2022-01-15,[{'media': 'TVCI'}],BFT
all,Femme,6.676666666666667,,H,6 heures 40 minutes,38%,2022-01-15,[{'media': 'TVCI'}],BFT
all,Homme,9.463611111111112,,H,9 heures 27 minutes,54%,2022-01-15,[{'media': 'TVCI'}],BFT
all,Bruit,0.24944444444444444,,H,14 minutes,1%,2022-01-16,[{'media': 'TVCI'}],BFT
all,Musique,1.1855555555555555,,H,1 heure 11 minutes,7%,2022-01-16,[{'media': 'TVCI'}],BFT
all,Femme,6.058611111111111,,H,6 heures 3 minutes,35%,2022-01-16,[{'media': 'TVCI'}],BFT
all,Homme,9.993611111111111,,H,9 heures 59 minutes,57%,2022-01-16,[{'media': 'TVCI'}],BFT
all,Bruit,0.19694444444444445,,H,11 minutes,1%,2022-01-17,[{'media': 'TVCI'}],BFT
all,Musique,1.0775,,H,1 heure 4 minutes,6%,2022-01-17,[{'media': 'TVCI'}],BFT
all,Femme,5.505277777777778,,H,5 heures 30 minutes,31%,2022-01-17,[{'media': 'TVCI'}],BFT
all,Homme,10.728333333333333,,H,10 heures 43 minutes,61%,2022-01-17,[{'media': 'TVCI'}],BFT
all,Bruit,0.175,,H,10 minutes,1%,2022-01-18,[{'media': 'TVCI'}],BFT
all,Musique,0.9472222222222222,,H,56 minutes,5%,2022-01-18,[{'media': 'TVCI'}],BFT
all,Femme,6.793611111111111,,H,6 heures 47 minutes,39%,2022-01-18,[{'media': 'TVCI'}],BFT
all,Homme,9.558333333333334,,H,9 heures 33 minutes,55%,2022-01-18,[{'media': 'TVCI'}],BFT
all,Bruit,0.16694444444444445,,H,10 minutes,1%,2022-01-19,[{'media': 'TVCI'}],BFT
all,Musique,0.8613888888888889,,H,51 minutes,5%,2022-01-19,[{'media': 'TVCI'}],BFT
all,Femme,4.770277777777777,,H,4 heures 46 minutes,28%,2022-01-19,[{'media': 'TVCI'}],BFT
all,Homme,11.367222222222223,,H,11 heures 22 minutes,66%,2022-01-19,[{'media': 'TVCI'}],BFT
all,Bruit,0.1463888888888889,,H,8 minutes,1%,2022-01-20,[{'media': 'TVCI'}],BFT
all,Musique,1.0244444444444445,,H,1 heure 1 minute,6%,2022-01-20,[{'media': 'TVCI'}],BFT
all,Femme,5.125,,H,5 heures 7 minutes,29%,2022-01-20,[{'media': 'TVCI'}],BFT
all,Homme,11.16,,H,11 heures 9 minutes,64%,2022-01-20,[{'media': 'TVCI'}],BFT
all,Bruit,0.22583333333333333,,H,13 minutes,1%,2022-01-21,[{'media': 'TVCI'}],BFT
all,Musique,1.198888888888889,,H,1 heure 11 minutes,7%,2022-01-21,[{'media': 'TVCI'}],BFT
all,Femme,5.833611111111111,,H,5 heures 50 minutes,33%,2022-01-21,[{'media': 'TVCI'}],BFT
all,Homme,10.244166666666667,,H,10 heures 14 minutes,59%,2022-01-21,[{'media': 'TVCI'}],BFT
all,Bruit,0.42694444444444446,,H,25 minutes,2%,2022-01-22,[{'media': 'TVCI'}],BFT
all,Musique,1.2441666666666666,,H,1 heure 14 minutes,7%,2022-01-22,[{'media': 'TVCI'}],BFT
all,Femme,4.9991666666666665,,H,4 heures 59 minutes,29%,2022-01-22,[{'media': 'TVCI'}],BFT
all,Homme,10.812777777777777,,H,10 heures 48 minutes,62%,2022-01-22,[{'media': 'TVCI'}],BFT
all,Bruit,0.1875,,H,11 minutes,1%,2022-01-23,[{'media': 'TVCI'}],BFT
all,Musique,1.5013888888888889,,H,1 heure 30 minutes,9%,2022-01-23,[{'media': 'TVCI'}],BFT
all,Femme,4.884166666666666,,H,4 heures 53 minutes,28%,2022-01-23,[{'media': 'TVCI'}],BFT
all,Homme,10.9075,,H,10 heures 54 minutes,62%,2022-01-23,[{'media': 'TVCI'}],BFT
all,Bruit,0.14055555555555554,,H,8 minutes,1%,2022-01-24,[{'media': 'TVCI'}],BFT
all,Musique,1.1519444444444444,,H,1 heure 9 minutes,7%,2022-01-24,[{'media': 'TVCI'}],BFT
all,Femme,5.22,,H,5 heures 13 minutes,30%,2022-01-24,[{'media': 'TVCI'}],BFT
all,Homme,10.960833333333333,,H,10 heures 57 minutes,63%,2022-01-24,[{'media': 'TVCI'}],BFT
all,Bruit,0.11611111111111111,,H,6 minutes,1%,2022-01-25,[{'media': 'TVCI'}],BFT
all,Musique,1.1683333333333332,,H,1 heure 10 minutes,7%,2022-01-25,[{'media': 'TVCI'}],BFT
all,Femme,4.872777777777777,,H,4 heures 52 minutes,28%,2022-01-25,[{'media': 'TVCI'}],BFT
all,Homme,11.283055555555556,,H,11 heures 16 minutes,65%,2022-01-25,[{'media': 'TVCI'}],BFT
all,Bruit,0.12194444444444444,,H,7 minutes,1%,2022-01-26,[{'media': 'TVCI'}],BFT
all,Musique,1.1872222222222222,,H,1 heure 11 minutes,7%,2022-01-26,[{'media': 'TVCI'}],BFT
all,Femme,5.635277777777778,,H,5 heures 38 minutes,33%,2022-01-26,[{'media': 'TVCI'}],BFT
all,Homme,10.318333333333333,,H,10 heures 19 minutes,60%,2022-01-26,[{'media': 'TVCI'}],BFT
all,Bruit,0.19722222222222222,,H,11 minutes,1%,2022-01-27,[{'media': 'TVCI'}],BFT
all,Musique,1.186388888888889,,H,1 heure 11 minutes,7%,2022-01-27,[{'media': 'TVCI'}],BFT
all,Femme,6.2275,,H,6 heures 13 minutes,35%,2022-01-27,[{'media': 'TVCI'}],BFT
all,Homme,9.9525,,H,9 heures 57 minutes,57%,2022-01-27,[{'media': 'TVCI'}],BFT
all,Bruit,0.14333333333333334,,H,8 minutes,1%,2022-01-28,[{'media': 'TVCI'}],BFT
all,Musique,1.3394444444444444,,H,1 heure 20 minutes,8%,2022-01-28,[{'media': 'TVCI'}],BFT
all,Femme,5.804722222222222,,H,5 heures 48 minutes,33%,2022-01-28,[{'media': 'TVCI'}],BFT
all,Homme,10.207777777777778,,H,10 heures 12 minutes,58%,2022-01-28,[{'media': 'TVCI'}],BFT
all,Bruit,0.15333333333333332,,H,9 minutes,1%,2022-01-29,[{'media': 'TVCI'}],BFT
all,Musique,1.3780555555555556,,H,1 heure 22 minutes,8%,2022-01-29,[{'media': 'TVCI'}],BFT
all,Femme,6.033333333333333,,H,6 heures 2 minutes,35%,2022-01-29,[{'media': 'TVCI'}],BFT
all,Homme,9.906666666666666,,H,9 heures 54 minutes,57%,2022-01-29,[{'media': 'TVCI'}],BFT
all,Bruit,0.18611111111111112,,H,11 minutes,1%,2022-01-30,[{'media': 'TVCI'}],BFT
all,Musique,1.4430555555555555,,H,1 heure 26 minutes,8%,2022-01-30,[{'media': 'TVCI'}],BFT
all,Femme,5.379444444444444,,H,5 heures 22 minutes,31%,2022-01-30,[{'media': 'TVCI'}],BFT
all,Homme,10.464444444444444,,H,10 heures 27 minutes,60%,2022-01-30,[{'media': 'TVCI'}],BFT
all,Bruit,0.10611111111111111,,H,6 minutes,1%,2022-01-31,[{'media': 'TVCI'}],BFT
all,Musique,1.2569444444444444,,H,1 heure 15 minutes,7%,2022-01-31,[{'media': 'TVCI'}],BFT
all,Femme,5.871111111111111,,H,5 heures 52 minutes,34%,2022-01-31,[{'media': 'TVCI'}],BFT
all,Homme,10.245277777777778,,H,10 heures 14 minutes,59%,2022-01-31,[{'media': 'TVCI'}],BFT
all,Homme,0.0075,,H,0 minute,27%,2022-01-08,[{'media': 'TVCI'}],C+N
all,Bruit,0.12222222222222222,,H,7 minutes,1%,2022-01-09,[{'media': 'TVCI'}],C+N
all,Musique,0.9569444444444445,,H,57 minutes,5%,2022-01-09,[{'media': 'TVCI'}],C+N
all,Femme,4.548055555555556,,H,4 heures 32 minutes,26%,2022-01-09,[{'media': 'TVCI'}],C+N
all,Homme,11.774166666666666,,H,11 heures 46 minutes,68%,2022-01-09,[{'media': 'TVCI'}],C+N
all,Bruit,0.24083333333333334,,H,14 minutes,1%,2022-01-10,[{'media': 'TVCI'}],C+N
all,Musique,1.0244444444444445,,H,1 heure 1 minute,6%,2022-01-10,[{'media': 'TVCI'}],C+N
all,Femme,4.6002777777777775,,H,4 heures 36 minutes,26%,2022-01-10,[{'media': 'TVCI'}],C+N
all,Homme,11.569166666666666,,H,11 heures 34 minutes,66%,2022-01-10,[{'media': 'TVCI'}],C+N
all,Bruit,0.16027777777777777,,H,9 minutes,1%,2022-01-11,[{'media': 'TVCI'}],C+N
all,Musique,1.0072222222222222,,H,1 heure 0 minute,6%,2022-01-11,[{'media': 'TVCI'}],C+N
all,Femme,4.247777777777777,,H,4 heures 14 minutes,24%,2022-01-11,[{'media': 'TVCI'}],C+N
all,Homme,12.054444444444444,,H,12 heures 3 minutes,69%,2022-01-11,[{'media': 'TVCI'}],C+N
all,Bruit,0.18333333333333332,,H,11 minutes,1%,2022-01-12,[{'media': 'TVCI'}],C+N
all,Musique,1.0258333333333334,,H,1 heure 1 minute,6%,2022-01-12,[{'media': 'TVCI'}],C+N
all,Femme,3.7952777777777778,,H,3 heures 47 minutes,22%,2022-01-12,[{'media': 'TVCI'}],C+N
all,Homme,12.431666666666667,,H,12 heures 25 minutes,71%,2022-01-12,[{'media': 'TVCI'}],C+N
all,Bruit,0.20166666666666666,,H,12 minutes,1%,2022-01-13,[{'media': 'TVCI'}],C+N
all,Musique,1.07,,H,1 heure 4 minutes,6%,2022-01-13,[{'media': 'TVCI'}],C+N
all,Femme,4.969166666666666,,H,4 heures 58 minutes,28%,2022-01-13,[{'media': 'TVCI'}],C+N
all,Homme,11.261944444444444,,H,11 heures 15 minutes,64%,2022-01-13,[{'media': 'TVCI'}],C+N
all,Bruit,0.22111111111111112,,H,13 minutes,1%,2022-01-14,[{'media': 'TVCI'}],C+N
all,Musique,1.0902777777777777,,H,1 heure 5 minutes,6%,2022-01-14,[{'media': 'TVCI'}],C+N
all,Femme,4.411111111111111,,H,4 heures 24 minutes,25%,2022-01-14,[{'media': 'TVCI'}],C+N
all,Homme,11.716666666666667,,H,11 heures 43 minutes,67%,2022-01-14,[{'media': 'TVCI'}],C+N
all,Bruit,0.2025,,H,12 minutes,1%,2022-01-15,[{'media': 'TVCI'}],C+N
all,Musique,1.0186111111111111,,H,1 heure 1 minute,6%,2022-01-15,[{'media': 'TVCI'}],C+N
all,Femme,5.603888888888889,,H,5 heures 36 minutes,32%,2022-01-15,[{'media': 'TVCI'}],C+N
all,Homme,10.73611111111111,,H,10 heures 44 minutes,61%,2022-01-15,[{'media': 'TVCI'}],C+N
all,Bruit,0.28,,H,16 minutes,2%,2022-01-16,[{'media': 'TVCI'}],C+N
all,Musique,1.0116666666666667,,H,1 heure 0 minute,6%,2022-01-16,[{'media': 'TVCI'}],C+N
all,Femme,4.528888888888889,,H,4 heures 31 minutes,26%,2022-01-16,[{'media': 'TVCI'}],C+N
all,Homme,11.550555555555556,,H,11 heures 33 minutes,66%,2022-01-16,[{'media': 'TVCI'}],C+N
all,Bruit,0.18,,H,10 minutes,1%,2022-01-17,[{'media': 'TVCI'}],C+N
all,Musique,0.9994444444444445,,H,59 minutes,6%,2022-01-17,[{'media': 'TVCI'}],C+N
all,Femme,5.1425,,H,5 heures 8 minutes,29%,2022-01-17,[{'media': 'TVCI'}],C+N
all,Homme,11.145,,H,11 heures 8 minutes,64%,2022-01-17,[{'media': 'TVCI'}],C+N
all,Bruit,0.14833333333333334,,H,8 minutes,1%,2022-01-18,[{'media': 'TVCI'}],C+N
all,Musique,1.0230555555555556,,H,1 heure 1 minute,6%,2022-01-18,[{'media': 'TVCI'}],C+N
all,Femme,5.2122222222222225,,H,5 heures 12 minutes,30%,2022-01-18,[{'media': 'TVCI'}],C+N
all,Homme,11.099722222222223,,H,11 heures 5 minutes,63%,2022-01-18,[{'media': 'TVCI'}],C+N
all,Bruit,0.1938888888888889,,H,11 minutes,1%,2022-01-19,[{'media': 'TVCI'}],C+N
all,Musique,0.9147222222222222,,H,54 minutes,5%,2022-01-19,[{'media': 'TVCI'}],C+N
all,Femme,3.7080555555555557,,H,3 heures 42 minutes,22%,2022-01-19,[{'media': 'TVCI'}],C+N
all,Homme,12.323611111111111,,H,12 heures 19 minutes,72%,2022-01-19,[{'media': 'TVCI'}],C+N
all,Bruit,0.21805555555555556,,H,13 minutes,1%,2022-01-20,[{'media': 'TVCI'}],C+N
all,Musique,1.0586111111111112,,H,1 heure 3 minutes,6%,2022-01-20,[{'media': 'TVCI'}],C+N
all,Femme,4.206111111111111,,H,4 heures 12 minutes,24%,2022-01-20,[{'media': 'TVCI'}],C+N
all,Homme,11.997777777777777,,H,11 heures 59 minutes,69%,2022-01-20,[{'media': 'TVCI'}],C+N
all,Bruit,0.19583333333333333,,H,11 minutes,1%,2022-01-21,[{'media': 'TVCI'}],C+N
all,Musique,1.0305555555555554,,H,1 heure 1 minute,6%,2022-01-21,[{'media': 'TVCI'}],C+N
all,Femme,4.692222222222222,,H,4 heures 41 minutes,27%,2022-01-21,[{'media': 'TVCI'}],C+N
all,Homme,11.6,,H,11 heures 36 minutes,66%,2022-01-21,[{'media': 'TVCI'}],C+N
all,Bruit,0.5211111111111111,,H,31 minutes,3%,2022-01-22,[{'media': 'TVCI'}],C+N
all,Musique,1.3066666666666666,,H,1 heure 18 minutes,8%,2022-01-22,[{'media': 'TVCI'}],C+N
all,Femme,4.568888888888889,,H,4 heures 34 minutes,26%,2022-01-22,[{'media': 'TVCI'}],C+N
all,Homme,10.927777777777777,,H,10 heures 55 minutes,63%,2022-01-22,[{'media': 'TVCI'}],C+N
all,Bruit,0.21055555555555555,,H,12 minutes,1%,2022-01-23,[{'media': 'TVCI'}],C+N
all,Musique,1.248888888888889,,H,1 heure 14 minutes,7%,2022-01-23,[{'media': 'TVCI'}],C+N
all,Femme,5.272222222222222,,H,5 heures 16 minutes,30%,2022-01-23,[{'media': 'TVCI'}],C+N
all,Homme,10.601111111111111,,H,10 heures 36 minutes,61%,2022-01-23,[{'media': 'TVCI'}],C+N
all,Bruit,0.16444444444444445,,H,9 minutes,1%,2022-01-24,[{'media': 'TVCI'}],C+N
all,Musique,1.1072222222222223,,H,1 heure 6 minutes,6%,2022-01-24,[{'media': 'TVCI'}],C+N
all,Femme,4.637222222222222,,H,4 heures 38 minutes,27%,2022-01-24,[{'media': 'TVCI'}],C+N
all,Homme,11.526944444444444,,H,11 heures 31 minutes,66%,2022-01-24,[{'media': 'TVCI'}],C+N
all,Bruit,0.18861111111111112,,H,11 minutes,1%,2022-01-25,[{'media': 'TVCI'}],C+N
all,Musique,1.13,,H,1 heure 7 minutes,6%,2022-01-25,[{'media': 'TVCI'}],C+N
all,Femme,5.184722222222222,,H,5 heures 11 minutes,30%,2022-01-25,[{'media': 'TVCI'}],C+N
all,Homme,10.9925,,H,10 heures 59 minutes,63%,2022-01-25,[{'media': 'TVCI'}],C+N
all,Bruit,0.17916666666666667,,H,10 minutes,1%,2022-01-26,[{'media': 'TVCI'}],C+N
all,Musique,1.0355555555555556,,H,1 heure 2 minutes,6%,2022-01-26,[{'media': 'TVCI'}],C+N
all,Femme,5.166944444444445,,H,5 heures 10 minutes,30%,2022-01-26,[{'media': 'TVCI'}],C+N
all,Homme,10.965555555555556,,H,10 heures 57 minutes,63%,2022-01-26,[{'media': 'TVCI'}],C+N
all,Bruit,0.24138888888888888,,H,14 minutes,1%,2022-01-27,[{'media': 'TVCI'}],C+N
all,Musique,1.0455555555555556,,H,1 heure 2 minutes,6%,2022-01-27,[{'media': 'TVCI'}],C+N
all,Femme,4.914722222222222,,H,4 heures 54 minutes,28%,2022-01-27,[{'media': 'TVCI'}],C+N
all,Homme,11.236666666666666,,H,11 heures 14 minutes,64%,2022-01-27,[{'media': 'TVCI'}],C+N
all,Bruit,0.2536111111111111,,H,15 minutes,1%,2022-01-28,[{'media': 'TVCI'}],C+N
all,Musique,1.2008333333333334,,H,1 heure 12 minutes,7%,2022-01-28,[{'media': 'TVCI'}],C+N
all,Femme,4.91,,H,4 heures 54 minutes,28%,2022-01-28,[{'media': 'TVCI'}],C+N
all,Homme,11.126111111111111,,H,11 heures 7 minutes,64%,2022-01-28,[{'media': 'TVCI'}],C+N
all,Bruit,0.3761111111111111,,H,22 minutes,2%,2022-01-29,[{'media': 'TVCI'}],C+N
all,Musique,1.1175,,H,1 heure 7 minutes,6%,2022-01-29,[{'media': 'TVCI'}],C+N
all,Femme,5.237777777777778,,H,5 heures 14 minutes,30%,2022-01-29,[{'media': 'TVCI'}],C+N
all,Homme,10.810555555555556,,H,10 heures 48 minutes,62%,2022-01-29,[{'media': 'TVCI'}],C+N
all,Bruit,0.20194444444444445,,H,12 minutes,1%,2022-01-30,[{'media': 'TVCI'}],C+N
all,Musique,1.038888888888889,,H,1 heure 2 minutes,6%,2022-01-30,[{'media': 'TVCI'}],C+N
all,Femme,4.368055555555555,,H,4 heures 22 minutes,25%,2022-01-30,[{'media': 'TVCI'}],C+N
all,Homme,11.832222222222223,,H,11 heures 49 minutes,68%,2022-01-30,[{'media': 'TVCI'}],C+N
all,Bruit,0.16305555555555556,,H,9 minutes,1%,2022-01-31,[{'media': 'TVCI'}],C+N
all,Musique,1.0083333333333333,,H,1 heure 0 minute,6%,2022-01-31,[{'media': 'TVCI'}],C+N
all,Femme,5.755,,H,5 heures 45 minutes,33%,2022-01-31,[{'media': 'TVCI'}],C+N
all,Homme,10.53111111111111,,H,10 heures 31 minutes,60%,2022-01-31,[{'media': 'TVCI'}],C+N
all,Bruit,0.17888888888888888,,H,10 minutes,1%,2022-01-01,[{'media': 'TVCI'}],CIP
all,Silence,0.3511111111111111,,H,21 minutes,2%,2022-01-01,[{'media': 'TVCI'}],CIP
all,Musique,1.1827777777777777,,H,1 heure 10 minutes,7%,2022-01-01,[{'media': 'TVCI'}],CIP
all,Femme,7.013055555555556,,H,7 heures 0 minute,39%,2022-01-01,[{'media': 'TVCI'}],CIP
all,Homme,9.278333333333334,,H,9 heures 16 minutes,52%,2022-01-01,[{'media': 'TVCI'}],CIP
all,Bruit,0.18222222222222223,,H,10 minutes,1%,2022-01-02,[{'media': 'TVCI'}],CIP
all,Silence,0.3972222222222222,,H,23 minutes,2%,2022-01-02,[{'media': 'TVCI'}],CIP
all,Musique,1.2044444444444444,,H,1 heure 12 minutes,7%,2022-01-02,[{'media': 'TVCI'}],CIP
all,Femme,6.991388888888889,,H,6 heures 59 minutes,39%,2022-01-02,[{'media': 'TVCI'}],CIP
all,Homme,9.229444444444445,,H,9 heures 13 minutes,51%,2022-01-02,[{'media': 'TVCI'}],CIP
all,Bruit,0.04777777777777778,,H,2 minutes,0%,2022-01-03,[{'media': 'TVCI'}],CIP
all,Silence,0.36444444444444446,,H,21 minutes,2%,2022-01-03,[{'media': 'TVCI'}],CIP
all,Musique,0.39416666666666667,,H,23 minutes,2%,2022-01-03,[{'media': 'TVCI'}],CIP
all,Femme,6.351388888888889,,H,6 heures 21 minutes,35%,2022-01-03,[{'media': 'TVCI'}],CIP
all,Homme,10.846666666666666,,H,10 heures 50 minutes,60%,2022-01-03,[{'media': 'TVCI'}],CIP
all,Bruit,0.07972222222222222,,H,4 minutes,0%,2022-01-04,[{'media': 'TVCI'}],CIP
all,Silence,0.4388888888888889,,H,26 minutes,2%,2022-01-04,[{'media': 'TVCI'}],CIP
all,Musique,0.5841666666666666,,H,35 minutes,3%,2022-01-04,[{'media': 'TVCI'}],CIP
all,Femme,7.06,,H,7 heures 3 minutes,39%,2022-01-04,[{'media': 'TVCI'}],CIP
all,Homme,9.841111111111111,,H,9 heures 50 minutes,55%,2022-01-04,[{'media': 'TVCI'}],CIP
all,Bruit,0.051111111111111114,,H,3 minutes,0%,2022-01-05,[{'media': 'TVCI'}],CIP
all,Musique,0.4375,,H,26 minutes,2%,2022-01-05,[{'media': 'TVCI'}],CIP
all,Silence,0.46194444444444444,,H,27 minutes,3%,2022-01-05,[{'media': 'TVCI'}],CIP
all,Femme,6.055,,H,6 heures 3 minutes,34%,2022-01-05,[{'media': 'TVCI'}],CIP
all,Homme,10.998888888888889,,H,10 heures 59 minutes,61%,2022-01-05,[{'media': 'TVCI'}],CIP
all,Bruit,0.049166666666666664,,H,2 minutes,0%,2022-01-06,[{'media': 'TVCI'}],CIP
all,Silence,0.4102777777777778,,H,24 minutes,2%,2022-01-06,[{'media': 'TVCI'}],CIP
all,Musique,0.42694444444444446,,H,25 minutes,2%,2022-01-06,[{'media': 'TVCI'}],CIP
all,Femme,7.247777777777777,,H,7 heures 14 minutes,40%,2022-01-06,[{'media': 'TVCI'}],CIP
all,Homme,9.87,,H,9 heures 52 minutes,55%,2022-01-06,[{'media': 'TVCI'}],CIP
all,Bruit,0.12305555555555556,,H,7 minutes,1%,2022-01-07,[{'media': 'TVCI'}],CIP
all,Silence,0.37916666666666665,,H,22 minutes,2%,2022-01-07,[{'media': 'TVCI'}],CIP
all,Musique,0.46055555555555555,,H,27 minutes,3%,2022-01-07,[{'media': 'TVCI'}],CIP
all,Femme,7.795833333333333,,H,7 heures 47 minutes,43%,2022-01-07,[{'media': 'TVCI'}],CIP
all,Homme,9.245833333333334,,H,9 heures 14 minutes,51%,2022-01-07,[{'media': 'TVCI'}],CIP
all,Femme,0.014722222222222222,,H,0 minute,53%,2022-01-08,[{'media': 'TVCI'}],CIP
all,Bruit,0.11166666666666666,,H,6 minutes,1%,2022-01-09,[{'media': 'TVCI'}],CIP
all,Musique,0.7491666666666666,,H,44 minutes,4%,2022-01-09,[{'media': 'TVCI'}],CIP
all,Femme,7.873611111111111,,H,7 heures 52 minutes,45%,2022-01-09,[{'media': 'TVCI'}],CIP
all,Homme,8.85,,H,8 heures 51 minutes,50%,2022-01-09,[{'media': 'TVCI'}],CIP
all,Bruit,0.051944444444444446,,H,3 minutes,0%,2022-01-10,[{'media': 'TVCI'}],CIP
all,Musique,0.3786111111111111,,H,22 minutes,2%,2022-01-10,[{'media': 'TVCI'}],CIP
all,Femme,6.338333333333333,,H,6 heures 20 minutes,36%,2022-01-10,[{'media': 'TVCI'}],CIP
all,Homme,10.794166666666667,,H,10 heures 47 minutes,61%,2022-01-10,[{'media': 'TVCI'}],CIP
all,Bruit,0.07194444444444445,,H,4 minutes,0%,2022-01-11,[{'media': 'TVCI'}],CIP
all,Musique,0.49444444444444446,,H,29 minutes,3%,2022-01-11,[{'media': 'TVCI'}],CIP
all,Femme,6.424166666666666,,H,6 heures 25 minutes,37%,2022-01-11,[{'media': 'TVCI'}],CIP
all,Homme,10.606388888888889,,H,10 heures 36 minutes,60%,2022-01-11,[{'media': 'TVCI'}],CIP
all,Bruit,0.03277777777777778,,H,1 minute,0%,2022-01-12,[{'media': 'TVCI'}],CIP
all,Musique,0.4683333333333333,,H,28 minutes,3%,2022-01-12,[{'media': 'TVCI'}],CIP
all,Femme,6.494722222222222,,H,6 heures 29 minutes,37%,2022-01-12,[{'media': 'TVCI'}],CIP
all,Homme,10.594444444444445,,H,10 heures 35 minutes,60%,2022-01-12,[{'media': 'TVCI'}],CIP
all,Bruit,0.04638888888888889,,H,2 minutes,0%,2022-01-13,[{'media': 'TVCI'}],CIP
all,Musique,0.41583333333333333,,H,24 minutes,2%,2022-01-13,[{'media': 'TVCI'}],CIP
all,Femme,7.655833333333334,,H,7 heures 39 minutes,43%,2022-01-13,[{'media': 'TVCI'}],CIP
all,Homme,9.485277777777778,,H,9 heures 29 minutes,54%,2022-01-13,[{'media': 'TVCI'}],CIP
all,Bruit,0.08916666666666667,,H,5 minutes,1%,2022-01-14,[{'media': 'TVCI'}],CIP
all,Musique,0.6930555555555555,,H,41 minutes,4%,2022-01-14,[{'media': 'TVCI'}],CIP
all,Femme,6.26,,H,6 heures 15 minutes,35%,2022-01-14,[{'media': 'TVCI'}],CIP
all,Homme,10.615277777777777,,H,10 heures 36 minutes,60%,2022-01-14,[{'media': 'TVCI'}],CIP
all,Bruit,0.13833333333333334,,H,8 minutes,1%,2022-01-15,[{'media': 'TVCI'}],CIP
all,Musique,0.6605555555555556,,H,39 minutes,4%,2022-01-15,[{'media': 'TVCI'}],CIP
all,Homme,8.311944444444444,,H,8 heures 18 minutes,47%,2022-01-15,[{'media': 'TVCI'}],CIP
all,Femme,8.501666666666667,,H,8 heures 30 minutes,48%,2022-01-15,[{'media': 'TVCI'}],CIP
all,Bruit,0.14805555555555555,,H,8 minutes,1%,2022-01-16,[{'media': 'TVCI'}],CIP
all,Musique,0.6302777777777778,,H,37 minutes,4%,2022-01-16,[{'media': 'TVCI'}],CIP
all,Femme,7.221388888888889,,H,7 heures 13 minutes,41%,2022-01-16,[{'media': 'TVCI'}],CIP
all,Homme,9.612222222222222,,H,9 heures 36 minutes,55%,2022-01-16,[{'media': 'TVCI'}],CIP
all,Bruit,0.04083333333333333,,H,2 minutes,0%,2022-01-17,[{'media': 'TVCI'}],CIP
all,Musique,0.5525,,H,33 minutes,3%,2022-01-17,[{'media': 'TVCI'}],CIP
all,Femme,6.595277777777778,,H,6 heures 35 minutes,38%,2022-01-17,[{'media': 'TVCI'}],CIP
all,Homme,10.39861111111111,,H,10 heures 23 minutes,59%,2022-01-17,[{'media': 'TVCI'}],CIP
all,Bruit,0.05305555555555556,,H,3 minutes,0%,2022-01-18,[{'media': 'TVCI'}],CIP
all,Musique,0.5975,,H,35 minutes,3%,2022-01-18,[{'media': 'TVCI'}],CIP
all,Femme,6.936388888888889,,H,6 heures 56 minutes,39%,2022-01-18,[{'media': 'TVCI'}],CIP
all,Homme,9.97861111111111,,H,9 heures 58 minutes,57%,2022-01-18,[{'media': 'TVCI'}],CIP
all,Bruit,0.051111111111111114,,H,3 minutes,0%,2022-01-19,[{'media': 'TVCI'}],CIP
all,Musique,0.36944444444444446,,H,22 minutes,2%,2022-01-19,[{'media': 'TVCI'}],CIP
all,Femme,5.404444444444445,,H,5 heures 24 minutes,31%,2022-01-19,[{'media': 'TVCI'}],CIP
all,Homme,11.617777777777778,,H,11 heures 37 minutes,67%,2022-01-19,[{'media': 'TVCI'}],CIP
all,Bruit,0.050833333333333335,,H,3 minutes,0%,2022-01-20,[{'media': 'TVCI'}],CIP
all,Musique,0.535,,H,32 minutes,3%,2022-01-20,[{'media': 'TVCI'}],CIP
all,Femme,6.626944444444445,,H,6 heures 37 minutes,38%,2022-01-20,[{'media': 'TVCI'}],CIP
all,Homme,10.364444444444445,,H,10 heures 21 minutes,59%,2022-01-20,[{'media': 'TVCI'}],CIP
all,Bruit,0.10555555555555556,,H,6 minutes,1%,2022-01-21,[{'media': 'TVCI'}],CIP
all,Musique,0.5786111111111111,,H,34 minutes,3%,2022-01-21,[{'media': 'TVCI'}],CIP
all,Femme,6.855555555555555,,H,6 heures 51 minutes,39%,2022-01-21,[{'media': 'TVCI'}],CIP
all,Homme,10.087222222222222,,H,10 heures 5 minutes,57%,2022-01-21,[{'media': 'TVCI'}],CIP
all,Bruit,0.0925,,H,5 minutes,1%,2022-01-22,[{'media': 'TVCI'}],CIP
all,Musique,0.9461111111111111,,H,56 minutes,5%,2022-01-22,[{'media': 'TVCI'}],CIP
all,Femme,7.616666666666666,,H,7 heures 37 minutes,43%,2022-01-22,[{'media': 'TVCI'}],CIP
all,Homme,8.922777777777778,,H,8 heures 55 minutes,51%,2022-01-22,[{'media': 'TVCI'}],CIP
all,Bruit,0.09444444444444444,,H,5 minutes,1%,2022-01-23,[{'media': 'TVCI'}],CIP
all,Musique,0.8694444444444445,,H,52 minutes,5%,2022-01-23,[{'media': 'TVCI'}],CIP
all,Femme,7.160833333333334,,H,7 heures 9 minutes,41%,2022-01-23,[{'media': 'TVCI'}],CIP
all,Homme,9.53888888888889,,H,9 heures 32 minutes,54%,2022-01-23,[{'media': 'TVCI'}],CIP
all,Bruit,0.0225,,H,1 minute,0%,2022-01-24,[{'media': 'TVCI'}],CIP
all,Musique,0.4922222222222222,,H,29 minutes,3%,2022-01-24,[{'media': 'TVCI'}],CIP
all,Femme,7.288333333333333,,H,7 heures 17 minutes,41%,2022-01-24,[{'media': 'TVCI'}],CIP
all,Homme,9.795555555555556,,H,9 heures 47 minutes,56%,2022-01-24,[{'media': 'TVCI'}],CIP
all,Bruit,0.10027777777777777,,H,6 minutes,1%,2022-01-25,[{'media': 'TVCI'}],CIP
all,Musique,0.6241666666666666,,H,37 minutes,4%,2022-01-25,[{'media': 'TVCI'}],CIP
all,Femme,7.081388888888889,,H,7 heures 4 minutes,40%,2022-01-25,[{'media': 'TVCI'}],CIP
all,Homme,9.778333333333334,,H,9 heures 46 minutes,56%,2022-01-25,[{'media': 'TVCI'}],CIP
all,Bruit,0.09777777777777778,,H,5 minutes,1%,2022-01-26,[{'media': 'TVCI'}],CIP
all,Musique,0.4263888888888889,,H,25 minutes,2%,2022-01-26,[{'media': 'TVCI'}],CIP
all,Femme,6.229722222222223,,H,6 heures 13 minutes,35%,2022-01-26,[{'media': 'TVCI'}],CIP
all,Homme,10.806944444444444,,H,10 heures 48 minutes,62%,2022-01-26,[{'media': 'TVCI'}],CIP
all,Bruit,0.10805555555555556,,H,6 minutes,1%,2022-01-27,[{'media': 'TVCI'}],CIP
all,Musique,0.5372222222222223,,H,32 minutes,3%,2022-01-27,[{'media': 'TVCI'}],CIP
all,Femme,6.879722222222222,,H,6 heures 52 minutes,39%,2022-01-27,[{'media': 'TVCI'}],CIP
all,Homme,10.051111111111112,,H,10 heures 3 minutes,57%,2022-01-27,[{'media': 'TVCI'}],CIP
all,Bruit,0.07555555555555556,,H,4 minutes,0%,2022-01-28,[{'media': 'TVCI'}],CIP
all,Musique,0.635,,H,38 minutes,4%,2022-01-28,[{'media': 'TVCI'}],CIP
all,Femme,5.330555555555556,,H,5 heures 19 minutes,30%,2022-01-28,[{'media': 'TVCI'}],CIP
all,Homme,11.528888888888888,,H,11 heures 31 minutes,66%,2022-01-28,[{'media': 'TVCI'}],CIP
all,Bruit,0.2708333333333333,,H,16 minutes,2%,2022-01-29,[{'media': 'TVCI'}],CIP
all,Musique,0.7269444444444444,,H,43 minutes,4%,2022-01-29,[{'media': 'TVCI'}],CIP
all,Femme,6.394166666666667,,H,6 heures 23 minutes,36%,2022-01-29,[{'media': 'TVCI'}],CIP
all,Homme,10.202222222222222,,H,10 heures 12 minutes,58%,2022-01-29,[{'media': 'TVCI'}],CIP
all,Bruit,0.11222222222222222,,H,6 minutes,1%,2022-01-30,[{'media': 'TVCI'}],CIP
all,Musique,0.8644444444444445,,H,51 minutes,5%,2022-01-30,[{'media': 'TVCI'}],CIP
all,Femme,6.258055555555556,,H,6 heures 15 minutes,35%,2022-01-30,[{'media': 'TVCI'}],CIP
all,Homme,10.395277777777778,,H,10 heures 23 minutes,59%,2022-01-30,[{'media': 'TVCI'}],CIP
all,Bruit,0.07027777777777777,,H,4 minutes,0%,2022-01-31,[{'media': 'TVCI'}],CIP
all,Musique,0.43333333333333335,,H,26 minutes,2%,2022-01-31,[{'media': 'TVCI'}],CIP
all,Femme,7.609166666666667,,H,7 heures 36 minutes,43%,2022-01-31,[{'media': 'TVCI'}],CIP
all,Homme,9.495833333333334,,H,9 heures 29 minutes,54%,2022-01-31,[{'media': 'TVCI'}],CIP
all,Silence,0.44472222222222224,,H,26 minutes,2%,2022-01-01,[{'media': 'TVCI'}],LCI
all,Bruit,0.4572222222222222,,H,27 minutes,3%,2022-01-01,[{'media': 'TVCI'}],LCI
all,Musique,0.9411111111111111,,H,56 minutes,5%,2022-01-01,[{'media': 'TVCI'}],LCI
all,Femme,5.055,,H,5 heures 3 minutes,28%,2022-01-01,[{'media': 'TVCI'}],LCI
all,Homme,11.106111111111112,,H,11 heures 6 minutes,62%,2022-01-01,[{'media': 'TVCI'}],LCI
all,Bruit,0.09166666666666666,,H,5 minutes,1%,2022-01-02,[{'media': 'TVCI'}],LCI
all,Silence,0.42,,H,25 minutes,2%,2022-01-02,[{'media': 'TVCI'}],LCI
all,Musique,0.8525,,H,51 minutes,5%,2022-01-02,[{'media': 'TVCI'}],LCI
all,Femme,5.608888888888889,,H,5 heures 36 minutes,31%,2022-01-02,[{'media': 'TVCI'}],LCI
all,Homme,11.03111111111111,,H,11 heures 1 minute,61%,2022-01-02,[{'media': 'TVCI'}],LCI
all,Bruit,0.07861111111111112,,H,4 minutes,0%,2022-01-03,[{'media': 'TVCI'}],LCI
all,Silence,0.45555555555555555,,H,27 minutes,3%,2022-01-03,[{'media': 'TVCI'}],LCI
all,Musique,0.6858333333333333,,H,41 minutes,4%,2022-01-03,[{'media': 'TVCI'}],LCI
all,Femme,5.927777777777778,,H,5 heures 55 minutes,33%,2022-01-03,[{'media': 'TVCI'}],LCI
all,Homme,10.856388888888889,,H,10 heures 51 minutes,60%,2022-01-03,[{'media': 'TVCI'}],LCI
all,Bruit,0.058333333333333334,,H,3 minutes,0%,2022-01-04,[{'media': 'TVCI'}],LCI
all,Silence,0.41888888888888887,,H,25 minutes,2%,2022-01-04,[{'media': 'TVCI'}],LCI
all,Musique,0.7547222222222222,,H,45 minutes,4%,2022-01-04,[{'media': 'TVCI'}],LCI
all,Femme,6.275833333333333,,H,6 heures 16 minutes,35%,2022-01-04,[{'media': 'TVCI'}],LCI
all,Homme,10.49638888888889,,H,10 heures 29 minutes,58%,2022-01-04,[{'media': 'TVCI'}],LCI
all,Bruit,0.12611111111111112,,H,7 minutes,1%,2022-01-05,[{'media': 'TVCI'}],LCI
all,Silence,0.5922222222222222,,H,35 minutes,3%,2022-01-05,[{'media': 'TVCI'}],LCI
all,Musique,0.7563888888888889,,H,45 minutes,4%,2022-01-05,[{'media': 'TVCI'}],LCI
all,Femme,5.939722222222223,,H,5 heures 56 minutes,33%,2022-01-05,[{'media': 'TVCI'}],LCI
all,Homme,10.589722222222223,,H,10 heures 35 minutes,59%,2022-01-05,[{'media': 'TVCI'}],LCI
all,Bruit,0.13055555555555556,,H,7 minutes,1%,2022-01-06,[{'media': 'TVCI'}],LCI
all,Silence,0.4688888888888889,,H,28 minutes,3%,2022-01-06,[{'media': 'TVCI'}],LCI
all,Musique,0.775,,H,46 minutes,4%,2022-01-06,[{'media': 'TVCI'}],LCI
all,Femme,5.475,,H,5 heures 28 minutes,30%,2022-01-06,[{'media': 'TVCI'}],LCI
all,Homme,11.154444444444444,,H,11 heures 9 minutes,62%,2022-01-06,[{'media': 'TVCI'}],LCI
all,Bruit,0.12611111111111112,,H,7 minutes,1%,2022-01-07,[{'media': 'TVCI'}],LCI
all,Silence,0.4963888888888889,,H,29 minutes,3%,2022-01-07,[{'media': 'TVCI'}],LCI
all,Musique,0.9180555555555555,,H,55 minutes,5%,2022-01-07,[{'media': 'TVCI'}],LCI
all,Femme,6.302222222222222,,H,6 heures 18 minutes,35%,2022-01-07,[{'media': 'TVCI'}],LCI
all,Homme,10.161111111111111,,H,10 heures 9 minutes,56%,2022-01-07,[{'media': 'TVCI'}],LCI
all,Musique,0.0038888888888888888,,H,0 minute,14%,2022-01-08,[{'media': 'TVCI'}],LCI
all,Bruit,0.1947222222222222,,H,11 minutes,1%,2022-01-09,[{'media': 'TVCI'}],LCI
all,Musique,1.0841666666666667,,H,1 heure 5 minutes,6%,2022-01-09,[{'media': 'TVCI'}],LCI
all,Femme,4.642222222222222,,H,4 heures 38 minutes,27%,2022-01-09,[{'media': 'TVCI'}],LCI
all,Homme,11.503055555555555,,H,11 heures 30 minutes,66%,2022-01-09,[{'media': 'TVCI'}],LCI
all,Bruit,0.09555555555555556,,H,5 minutes,1%,2022-01-10,[{'media': 'TVCI'}],LCI
all,Musique,0.9627777777777777,,H,57 minutes,6%,2022-01-10,[{'media': 'TVCI'}],LCI
all,Femme,5.818333333333333,,H,5 heures 49 minutes,33%,2022-01-10,[{'media': 'TVCI'}],LCI
all,Homme,10.617222222222223,,H,10 heures 37 minutes,61%,2022-01-10,[{'media': 'TVCI'}],LCI
all,Bruit,0.11527777777777778,,H,6 minutes,1%,2022-01-11,[{'media': 'TVCI'}],LCI
all,Musique,0.9297222222222222,,H,55 minutes,5%,2022-01-11,[{'media': 'TVCI'}],LCI
all,Femme,5.996388888888889,,H,5 heures 59 minutes,34%,2022-01-11,[{'media': 'TVCI'}],LCI
all,Homme,10.431666666666667,,H,10 heures 25 minutes,60%,2022-01-11,[{'media': 'TVCI'}],LCI
all,Bruit,0.1075,,H,6 minutes,1%,2022-01-12,[{'media': 'TVCI'}],LCI
all,Musique,1.186388888888889,,H,1 heure 11 minutes,7%,2022-01-12,[{'media': 'TVCI'}],LCI
all,Femme,7.158611111111111,,H,7 heures 9 minutes,41%,2022-01-12,[{'media': 'TVCI'}],LCI
all,Homme,9.06,,H,9 heures 3 minutes,52%,2022-01-12,[{'media': 'TVCI'}],LCI
all,Bruit,0.17472222222222222,,H,10 minutes,1%,2022-01-13,[{'media': 'TVCI'}],LCI
all,Musique,1.1088888888888888,,H,1 heure 6 minutes,6%,2022-01-13,[{'media': 'TVCI'}],LCI
all,Femme,5.989444444444445,,H,5 heures 59 minutes,34%,2022-01-13,[{'media': 'TVCI'}],LCI
all,Homme,10.299444444444445,,H,10 heures 17 minutes,59%,2022-01-13,[{'media': 'TVCI'}],LCI
all,Bruit,0.1775,,H,10 minutes,1%,2022-01-14,[{'media': 'TVCI'}],LCI
all,Musique,1.2719444444444445,,H,1 heure 16 minutes,7%,2022-01-14,[{'media': 'TVCI'}],LCI
all,Femme,6.272222222222222,,H,6 heures 16 minutes,36%,2022-01-14,[{'media': 'TVCI'}],LCI
all,Homme,9.832222222222223,,H,9 heures 49 minutes,56%,2022-01-14,[{'media': 'TVCI'}],LCI
all,Bruit,0.20555555555555555,,H,12 minutes,1%,2022-01-15,[{'media': 'TVCI'}],LCI
all,Musique,1.2616666666666667,,H,1 heure 15 minutes,7%,2022-01-15,[{'media': 'TVCI'}],LCI
all,Femme,7.545,,H,7 heures 32 minutes,43%,2022-01-15,[{'media': 'TVCI'}],LCI
all,Homme,8.467777777777778,,H,8 heures 28 minutes,48%,2022-01-15,[{'media': 'TVCI'}],LCI
all,Bruit,0.19444444444444445,,H,11 minutes,1%,2022-01-16,[{'media': 'TVCI'}],LCI
all,Musique,1.1602777777777777,,H,1 heure 9 minutes,7%,2022-01-16,[{'media': 'TVCI'}],LCI
all,Femme,4.895555555555555,,H,4 heures 53 minutes,28%,2022-01-16,[{'media': 'TVCI'}],LCI
all,Homme,11.197222222222223,,H,11 heures 11 minutes,64%,2022-01-16,[{'media': 'TVCI'}],LCI
all,Bruit,0.07972222222222222,,H,4 minutes,0%,2022-01-17,[{'media': 'TVCI'}],LCI
all,Musique,1.1536111111111111,,H,1 heure 9 minutes,7%,2022-01-17,[{'media': 'TVCI'}],LCI
all,Femme,6.17,,H,6 heures 10 minutes,35%,2022-01-17,[{'media': 'TVCI'}],LCI
all,Homme,10.110833333333334,,H,10 heures 6 minutes,58%,2022-01-17,[{'media': 'TVCI'}],LCI
all,Bruit,0.10611111111111111,,H,6 minutes,1%,2022-01-18,[{'media': 'TVCI'}],LCI
all,Musique,1.2083333333333333,,H,1 heure 12 minutes,7%,2022-01-18,[{'media': 'TVCI'}],LCI
all,Femme,5.7675,,H,5 heures 46 minutes,33%,2022-01-18,[{'media': 'TVCI'}],LCI
all,Homme,10.449722222222222,,H,10 heures 26 minutes,60%,2022-01-18,[{'media': 'TVCI'}],LCI
all,Bruit,0.09416666666666666,,H,5 minutes,1%,2022-01-19,[{'media': 'TVCI'}],LCI
all,Musique,1.023611111111111,,H,1 heure 1 minute,6%,2022-01-19,[{'media': 'TVCI'}],LCI
all,Femme,5.171111111111111,,H,5 heures 10 minutes,30%,2022-01-19,[{'media': 'TVCI'}],LCI
all,Homme,11.005833333333333,,H,11 heures 0 minute,64%,2022-01-19,[{'media': 'TVCI'}],LCI
all,Bruit,0.0913888888888889,,H,5 minutes,1%,2022-01-20,[{'media': 'TVCI'}],LCI
all,Musique,1.1194444444444445,,H,1 heure 7 minutes,6%,2022-01-20,[{'media': 'TVCI'}],LCI
all,Femme,5.602222222222222,,H,5 heures 36 minutes,32%,2022-01-20,[{'media': 'TVCI'}],LCI
all,Homme,10.731666666666667,,H,10 heures 43 minutes,61%,2022-01-20,[{'media': 'TVCI'}],LCI
all,Bruit,0.07972222222222222,,H,4 minutes,0%,2022-01-21,[{'media': 'TVCI'}],LCI
all,Musique,1.208611111111111,,H,1 heure 12 minutes,7%,2022-01-21,[{'media': 'TVCI'}],LCI
all,Femme,5.185277777777777,,H,5 heures 11 minutes,30%,2022-01-21,[{'media': 'TVCI'}],LCI
all,Homme,11.036388888888888,,H,11 heures 2 minutes,63%,2022-01-21,[{'media': 'TVCI'}],LCI
all,Bruit,0.11916666666666667,,H,7 minutes,1%,2022-01-22,[{'media': 'TVCI'}],LCI
all,Musique,1.3386111111111112,,H,1 heure 20 minutes,8%,2022-01-22,[{'media': 'TVCI'}],LCI
all,Femme,6.393611111111111,,H,6 heures 23 minutes,36%,2022-01-22,[{'media': 'TVCI'}],LCI
all,Homme,9.688055555555556,,H,9 heures 41 minutes,55%,2022-01-22,[{'media': 'TVCI'}],LCI
all,Bruit,0.07583333333333334,,H,4 minutes,0%,2022-01-23,[{'media': 'TVCI'}],LCI
all,Musique,1.3588888888888888,,H,1 heure 21 minutes,8%,2022-01-23,[{'media': 'TVCI'}],LCI
all,Femme,5.403888888888889,,H,5 heures 24 minutes,31%,2022-01-23,[{'media': 'TVCI'}],LCI
all,Homme,10.70111111111111,,H,10 heures 42 minutes,61%,2022-01-23,[{'media': 'TVCI'}],LCI
all,Bruit,0.05333333333333334,,H,3 minutes,0%,2022-01-24,[{'media': 'TVCI'}],LCI
all,Musique,1.3627777777777779,,H,1 heure 21 minutes,8%,2022-01-24,[{'media': 'TVCI'}],LCI
all,Femme,5.993333333333333,,H,5 heures 59 minutes,34%,2022-01-24,[{'media': 'TVCI'}],LCI
all,Homme,10.092222222222222,,H,10 heures 5 minutes,58%,2022-01-24,[{'media': 'TVCI'}],LCI
all,Bruit,0.04555555555555556,,H,2 minutes,0%,2022-01-25,[{'media': 'TVCI'}],LCI
all,Musique,1.1875,,H,1 heure 11 minutes,7%,2022-01-25,[{'media': 'TVCI'}],LCI
all,Femme,6.915555555555556,,H,6 heures 54 minutes,39%,2022-01-25,[{'media': 'TVCI'}],LCI
all,Homme,9.390277777777778,,H,9 heures 23 minutes,54%,2022-01-25,[{'media': 'TVCI'}],LCI
all,Bruit,0.06305555555555556,,H,3 minutes,0%,2022-01-26,[{'media': 'TVCI'}],LCI
all,Musique,1.2052777777777777,,H,1 heure 12 minutes,7%,2022-01-26,[{'media': 'TVCI'}],LCI
all,Femme,6.853055555555556,,H,6 heures 51 minutes,39%,2022-01-26,[{'media': 'TVCI'}],LCI
all,Homme,9.266111111111112,,H,9 heures 15 minutes,53%,2022-01-26,[{'media': 'TVCI'}],LCI
all,Bruit,0.09527777777777778,,H,5 minutes,1%,2022-01-27,[{'media': 'TVCI'}],LCI
all,Musique,1.1544444444444444,,H,1 heure 9 minutes,7%,2022-01-27,[{'media': 'TVCI'}],LCI
all,Femme,5.868611111111111,,H,5 heures 52 minutes,33%,2022-01-27,[{'media': 'TVCI'}],LCI
all,Homme,10.450555555555555,,H,10 heures 27 minutes,59%,2022-01-27,[{'media': 'TVCI'}],LCI
all,Bruit,0.06444444444444444,,H,3 minutes,0%,2022-01-28,[{'media': 'TVCI'}],LCI
all,Musique,1.2236111111111112,,H,1 heure 13 minutes,7%,2022-01-28,[{'media': 'TVCI'}],LCI
all,Femme,6.261111111111111,,H,6 heures 15 minutes,36%,2022-01-28,[{'media': 'TVCI'}],LCI
all,Homme,9.970833333333333,,H,9 heures 58 minutes,57%,2022-01-28,[{'media': 'TVCI'}],LCI
all,Bruit,0.28555555555555556,,H,17 minutes,2%,2022-01-29,[{'media': 'TVCI'}],LCI
all,Musique,1.3105555555555555,,H,1 heure 18 minutes,7%,2022-01-29,[{'media': 'TVCI'}],LCI
all,Femme,5.939722222222223,,H,5 heures 56 minutes,34%,2022-01-29,[{'media': 'TVCI'}],LCI
all,Homme,9.958055555555555,,H,9 heures 57 minutes,57%,2022-01-29,[{'media': 'TVCI'}],LCI
all,Bruit,0.1125,,H,6 minutes,1%,2022-01-30,[{'media': 'TVCI'}],LCI
all,Musique,1.1908333333333334,,H,1 heure 11 minutes,7%,2022-01-30,[{'media': 'TVCI'}],LCI
all,Femme,5.321111111111111,,H,5 heures 19 minutes,30%,2022-01-30,[{'media': 'TVCI'}],LCI
all,Homme,10.892777777777777,,H,10 heures 53 minutes,62%,2022-01-30,[{'media': 'TVCI'}],LCI
all,Bruit,0.07472222222222222,,H,4 minutes,0%,2022-01-31,[{'media': 'TVCI'}],LCI
all,Musique,0.8602777777777778,,H,51 minutes,5%,2022-01-31,[{'media': 'TVCI'}],LCI
all,Femme,6.905833333333334,,H,6 heures 54 minutes,39%,2022-01-31,[{'media': 'TVCI'}],LCI
all,Homme,9.67,,H,9 heures 40 minutes,55%,2022-01-31,[{'media': 'TVCI'}],LCI
all,Silence,0.20416666666666666,,H,12 minutes,1%,2022-01-01,[{'media': 'TV'}],ART
all,Bruit,2.750277777777778,,H,2 heures 45 minutes,20%,2022-01-01,[{'media': 'TV'}],ART
all,Femme,3.133888888888889,,H,3 heures 8 minutes,22%,2022-01-01,[{'media': 'TV'}],ART
all,Musique,3.7525,,H,3 heures 45 minutes,27%,2022-01-01,[{'media': 'TV'}],ART
all,Homme,4.162222222222222,,H,4 heures 9 minutes,30%,2022-01-01,[{'media': 'TV'}],ART
all,Silence,0.76,,H,45 minutes,5%,2022-01-02,[{'media': 'TV'}],ART
all,Bruit,1.6602777777777777,,H,1 heure 39 minutes,12%,2022-01-02,[{'media': 'TV'}],ART
all,Femme,2.272777777777778,,H,2 heures 16 minutes,16%,2022-01-02,[{'media': 'TV'}],ART
all,Homme,4.493333333333333,,H,4 heures 29 minutes,32%,2022-01-02,[{'media': 'TV'}],ART
all,Musique,4.816944444444444,,H,4 heures 49 minutes,34%,2022-01-02,[{'media': 'TV'}],ART
all,Silence,0.5044444444444445,,H,30 minutes,4%,2022-01-03,[{'media': 'TV'}],ART
all,Musique,2.3016666666666667,,H,2 heures 18 minutes,16%,2022-01-03,[{'media': 'TV'}],ART
all,Femme,2.8119444444444444,,H,2 heures 48 minutes,20%,2022-01-03,[{'media': 'TV'}],ART
all,Bruit,3.183333333333333,,H,3 heures 11 minutes,23%,2022-01-03,[{'media': 'TV'}],ART
all,Homme,5.201388888888889,,H,5 heures 12 minutes,37%,2022-01-03,[{'media': 'TV'}],ART
all,Silence,0.3375,,H,20 minutes,2%,2022-01-04,[{'media': 'TV'}],ART
all,Bruit,2.256388888888889,,H,2 heures 15 minutes,16%,2022-01-04,[{'media': 'TV'}],ART
all,Musique,2.288611111111111,,H,2 heures 17 minutes,16%,2022-01-04,[{'media': 'TV'}],ART
all,Femme,2.848611111111111,,H,2 heures 50 minutes,20%,2022-01-04,[{'media': 'TV'}],ART
all,Homme,6.271944444444444,,H,6 heures 16 minutes,45%,2022-01-04,[{'media': 'TV'}],ART
all,Silence,0.4025,,H,24 minutes,3%,2022-01-05,[{'media': 'TV'}],ART
all,Bruit,2.1822222222222223,,H,2 heures 10 minutes,16%,2022-01-05,[{'media': 'TV'}],ART
all,Musique,2.957222222222222,,H,2 heures 57 minutes,21%,2022-01-05,[{'media': 'TV'}],ART
all,Femme,3.9605555555555556,,H,3 heures 57 minutes,28%,2022-01-05,[{'media': 'TV'}],ART
all,Homme,4.500555555555556,,H,4 heures 30 minutes,32%,2022-01-05,[{'media': 'TV'}],ART
all,Silence,0.6688888888888889,,H,40 minutes,5%,2022-01-06,[{'media': 'TV'}],ART
all,Bruit,2.2733333333333334,,H,2 heures 16 minutes,16%,2022-01-06,[{'media': 'TV'}],ART
all,Musique,2.9297222222222223,,H,2 heures 55 minutes,21%,2022-01-06,[{'media': 'TV'}],ART
all,Femme,3.5233333333333334,,H,3 heures 31 minutes,25%,2022-01-06,[{'media': 'TV'}],ART
all,Homme,4.608055555555556,,H,4 heures 36 minutes,33%,2022-01-06,[{'media': 'TV'}],ART
all,Silence,0.5136111111111111,,H,30 minutes,4%,2022-01-07,[{'media': 'TV'}],ART
all,Bruit,1.7508333333333332,,H,1 heure 45 minutes,13%,2022-01-07,[{'media': 'TV'}],ART
all,Musique,3.4002777777777777,,H,3 heures 24 minutes,24%,2022-01-07,[{'media': 'TV'}],ART
all,Homme,4.038888888888889,,H,4 heures 2 minutes,29%,2022-01-07,[{'media': 'TV'}],ART
all,Femme,4.299166666666666,,H,4 heures 17 minutes,31%,2022-01-07,[{'media': 'TV'}],ART
all,Homme,0.002777777777777778,,H,0 minute,10%,2022-01-08,[{'media': 'TV'}],ART
all,Femme,2.9925,,H,2 heures 59 minutes,22%,2022-01-09,[{'media': 'TV'}],ART
all,Bruit,3.0052777777777777,,H,3 heures 0 minute,22%,2022-01-09,[{'media': 'TV'}],ART
all,Homme,3.7225,,H,3 heures 43 minutes,27%,2022-01-09,[{'media': 'TV'}],ART
all,Musique,3.8294444444444444,,H,3 heures 49 minutes,28%,2022-01-09,[{'media': 'TV'}],ART
all,Bruit,1.5086111111111111,,H,1 heure 30 minutes,11%,2022-01-10,[{'media': 'TV'}],ART
all,Musique,2.5147222222222223,,H,2 heures 30 minutes,19%,2022-01-10,[{'media': 'TV'}],ART
all,Femme,4.3275,,H,4 heures 19 minutes,32%,2022-01-10,[{'media': 'TV'}],ART
all,Homme,5.051111111111111,,H,5 heures 3 minutes,38%,2022-01-10,[{'media': 'TV'}],ART
all,Bruit,2.0080555555555555,,H,2 heures 0 minute,15%,2022-01-11,[{'media': 'TV'}],ART
all,Musique,2.4780555555555557,,H,2 heures 28 minutes,18%,2022-01-11,[{'media': 'TV'}],ART
all,Femme,3.4988888888888887,,H,3 heures 29 minutes,25%,2022-01-11,[{'media': 'TV'}],ART
all,Homme,5.74,,H,5 heures 44 minutes,42%,2022-01-11,[{'media': 'TV'}],ART
all,Bruit,1.4597222222222221,,H,1 heure 27 minutes,11%,2022-01-12,[{'media': 'TV'}],ART
all,Musique,2.318611111111111,,H,2 heures 19 minutes,17%,2022-01-12,[{'media': 'TV'}],ART
all,Femme,3.266111111111111,,H,3 heures 15 minutes,24%,2022-01-12,[{'media': 'TV'}],ART
all,Homme,6.5008333333333335,,H,6 heures 30 minutes,48%,2022-01-12,[{'media': 'TV'}],ART
all,Musique,2.180277777777778,,H,2 heures 10 minutes,16%,2022-01-13,[{'media': 'TV'}],ART
all,Bruit,2.2380555555555555,,H,2 heures 14 minutes,17%,2022-01-13,[{'media': 'TV'}],ART
all,Femme,4.009166666666666,,H,4 heures 0 minute,30%,2022-01-13,[{'media': 'TV'}],ART
all,Homme,5.016388888888889,,H,5 heures 0 minute,37%,2022-01-13,[{'media': 'TV'}],ART
all,Bruit,2.0994444444444444,,H,2 heures 5 minutes,15%,2022-01-14,[{'media': 'TV'}],ART
all,Musique,2.936111111111111,,H,2 heures 56 minutes,22%,2022-01-14,[{'media': 'TV'}],ART
all,Femme,3.3530555555555557,,H,3 heures 21 minutes,25%,2022-01-14,[{'media': 'TV'}],ART
all,Homme,5.240833333333334,,H,5 heures 14 minutes,38%,2022-01-14,[{'media': 'TV'}],ART
all,Bruit,1.8483333333333334,,H,1 heure 50 minutes,13%,2022-01-15,[{'media': 'TV'}],ART
all,Musique,2.0083333333333333,,H,2 heures 0 minute,15%,2022-01-15,[{'media': 'TV'}],ART
all,Femme,3.585277777777778,,H,3 heures 35 minutes,26%,2022-01-15,[{'media': 'TV'}],ART
all,Homme,6.277777777777778,,H,6 heures 16 minutes,46%,2022-01-15,[{'media': 'TV'}],ART
all,Bruit,1.603611111111111,,H,1 heure 36 minutes,12%,2022-01-16,[{'media': 'TV'}],ART
all,Homme,3.4355555555555557,,H,3 heures 26 minutes,26%,2022-01-16,[{'media': 'TV'}],ART
all,Musique,3.7508333333333335,,H,3 heures 45 minutes,28%,2022-01-16,[{'media': 'TV'}],ART
all,Femme,4.5969444444444445,,H,4 heures 35 minutes,34%,2022-01-16,[{'media': 'TV'}],ART
all,Musique,2.8466666666666667,,H,2 heures 50 minutes,21%,2022-01-17,[{'media': 'TV'}],ART
all,Bruit,2.9611111111111112,,H,2 heures 57 minutes,22%,2022-01-17,[{'media': 'TV'}],ART
all,Femme,3.794722222222222,,H,3 heures 47 minutes,28%,2022-01-17,[{'media': 'TV'}],ART
all,Homme,4.113611111111111,,H,4 heures 6 minutes,30%,2022-01-17,[{'media': 'TV'}],ART
all,Musique,2.09,,H,2 heures 5 minutes,15%,2022-01-18,[{'media': 'TV'}],ART
all,Bruit,2.1661111111111113,,H,2 heures 9 minutes,16%,2022-01-18,[{'media': 'TV'}],ART
all,Femme,3.3786111111111112,,H,3 heures 22 minutes,25%,2022-01-18,[{'media': 'TV'}],ART
all,Homme,6.024166666666667,,H,6 heures 1 minute,44%,2022-01-18,[{'media': 'TV'}],ART
all,Musique,1.8758333333333332,,H,1 heure 52 minutes,14%,2022-01-19,[{'media': 'TV'}],ART
all,Bruit,2.3405555555555555,,H,2 heures 20 minutes,17%,2022-01-19,[{'media': 'TV'}],ART
all,Femme,3.5483333333333333,,H,3 heures 32 minutes,26%,2022-01-19,[{'media': 'TV'}],ART
all,Homme,5.869166666666667,,H,5 heures 52 minutes,43%,2022-01-19,[{'media': 'TV'}],ART
all,Musique,2.540277777777778,,H,2 heures 32 minutes,19%,2022-01-20,[{'media': 'TV'}],ART
all,Bruit,2.9091666666666667,,H,2 heures 54 minutes,21%,2022-01-20,[{'media': 'TV'}],ART
all,Femme,2.972777777777778,,H,2 heures 58 minutes,22%,2022-01-20,[{'media': 'TV'}],ART
all,Homme,5.160555555555556,,H,5 heures 9 minutes,38%,2022-01-20,[{'media': 'TV'}],ART
all,Bruit,2.164722222222222,,H,2 heures 9 minutes,16%,2022-01-21,[{'media': 'TV'}],ART
all,Musique,2.2625,,H,2 heures 15 minutes,17%,2022-01-21,[{'media': 'TV'}],ART
all,Femme,4.266944444444444,,H,4 heures 16 minutes,31%,2022-01-21,[{'media': 'TV'}],ART
all,Homme,4.936111111111111,,H,4 heures 56 minutes,36%,2022-01-21,[{'media': 'TV'}],ART
all,Bruit,2.5255555555555556,,H,2 heures 31 minutes,18%,2022-01-22,[{'media': 'TV'}],ART
all,Femme,2.736388888888889,,H,2 heures 44 minutes,20%,2022-01-22,[{'media': 'TV'}],ART
all,Musique,3.022222222222222,,H,3 heures 1 minute,22%,2022-01-22,[{'media': 'TV'}],ART
all,Homme,5.397222222222222,,H,5 heures 23 minutes,39%,2022-01-22,[{'media': 'TV'}],ART
all,Bruit,1.6163888888888889,,H,1 heure 36 minutes,12%,2022-01-23,[{'media': 'TV'}],ART
all,Femme,2.4891666666666667,,H,2 heures 29 minutes,18%,2022-01-23,[{'media': 'TV'}],ART
all,Musique,3.4297222222222223,,H,3 heures 25 minutes,25%,2022-01-23,[{'media': 'TV'}],ART
all,Homme,5.972222222222222,,H,5 heures 58 minutes,44%,2022-01-23,[{'media': 'TV'}],ART
all,Bruit,2.5344444444444445,,H,2 heures 32 minutes,19%,2022-01-24,[{'media': 'TV'}],ART
all,Musique,2.5747222222222224,,H,2 heures 34 minutes,19%,2022-01-24,[{'media': 'TV'}],ART
all,Femme,3.3938888888888887,,H,3 heures 23 minutes,25%,2022-01-24,[{'media': 'TV'}],ART
all,Homme,5.131111111111111,,H,5 heures 7 minutes,38%,2022-01-24,[{'media': 'TV'}],ART
all,Bruit,1.8138888888888889,,H,1 heure 48 minutes,13%,2022-01-25,[{'media': 'TV'}],ART
all,Musique,2.0516666666666667,,H,2 heures 3 minutes,15%,2022-01-25,[{'media': 'TV'}],ART
all,Femme,4.351944444444444,,H,4 heures 21 minutes,32%,2022-01-25,[{'media': 'TV'}],ART
all,Homme,5.469166666666666,,H,5 heures 28 minutes,40%,2022-01-25,[{'media': 'TV'}],ART
all,Bruit,2.3641666666666667,,H,2 heures 21 minutes,17%,2022-01-26,[{'media': 'TV'}],ART
all,Musique,3.1438888888888887,,H,3 heures 8 minutes,23%,2022-01-26,[{'media': 'TV'}],ART
all,Femme,3.7555555555555555,,H,3 heures 45 minutes,28%,2022-01-26,[{'media': 'TV'}],ART
all,Homme,4.290555555555556,,H,4 heures 17 minutes,32%,2022-01-26,[{'media': 'TV'}],ART
all,Musique,2.4744444444444444,,H,2 heures 28 minutes,18%,2022-01-27,[{'media': 'TV'}],ART
all,Bruit,2.7769444444444447,,H,2 heures 46 minutes,20%,2022-01-27,[{'media': 'TV'}],ART
all,Femme,3.7797222222222224,,H,3 heures 46 minutes,28%,2022-01-27,[{'media': 'TV'}],ART
all,Homme,4.5936111111111115,,H,4 heures 35 minutes,34%,2022-01-27,[{'media': 'TV'}],ART
all,Bruit,2.598888888888889,,H,2 heures 35 minutes,19%,2022-01-28,[{'media': 'TV'}],ART
all,Musique,2.741111111111111,,H,2 heures 44 minutes,20%,2022-01-28,[{'media': 'TV'}],ART
all,Femme,3.577777777777778,,H,3 heures 34 minutes,26%,2022-01-28,[{'media': 'TV'}],ART
all,Homme,4.6875,,H,4 heures 41 minutes,34%,2022-01-28,[{'media': 'TV'}],ART
all,Bruit,1.4508333333333334,,H,1 heure 27 minutes,11%,2022-01-29,[{'media': 'TV'}],ART
all,Musique,2.17,,H,2 heures 10 minutes,16%,2022-01-29,[{'media': 'TV'}],ART
all,Femme,4.588888888888889,,H,4 heures 35 minutes,33%,2022-01-29,[{'media': 'TV'}],ART
all,Homme,5.570555555555556,,H,5 heures 34 minutes,40%,2022-01-29,[{'media': 'TV'}],ART
all,Bruit,1.8305555555555555,,H,1 heure 49 minutes,13%,2022-01-30,[{'media': 'TV'}],ART
all,Femme,2.7816666666666667,,H,2 heures 46 minutes,20%,2022-01-30,[{'media': 'TV'}],ART
all,Musique,4.086666666666667,,H,4 heures 5 minutes,30%,2022-01-30,[{'media': 'TV'}],ART
all,Homme,4.937777777777778,,H,4 heures 56 minutes,36%,2022-01-30,[{'media': 'TV'}],ART
all,Bruit,2.435277777777778,,H,2 heures 26 minutes,18%,2022-01-31,[{'media': 'TV'}],ART
all,Musique,2.8619444444444446,,H,2 heures 51 minutes,21%,2022-01-31,[{'media': 'TV'}],ART
all,Femme,3.672222222222222,,H,3 heures 40 minutes,28%,2022-01-31,[{'media': 'TV'}],ART
all,Homme,4.3825,,H,4 heures 22 minutes,33%,2022-01-31,[{'media': 'TV'}],ART
all,Silence,0.37333333333333335,,H,22 minutes,3%,2022-01-01,[{'media': 'TV'}],FR2
all,Bruit,0.39,,H,23 minutes,3%,2022-01-01,[{'media': 'TV'}],FR2
all,Femme,2.3730555555555557,,H,2 heures 22 minutes,17%,2022-01-01,[{'media': 'TV'}],FR2
all,Musique,4.7363888888888885,,H,4 heures 44 minutes,34%,2022-01-01,[{'media': 'TV'}],FR2
all,Homme,6.13,,H,6 heures 7 minutes,44%,2022-01-01,[{'media': 'TV'}],FR2
all,Silence,0.7997222222222222,,H,47 minutes,6%,2022-01-02,[{'media': 'TV'}],FR2
all,Bruit,1.573611111111111,,H,1 heure 34 minutes,11%,2022-01-02,[{'media': 'TV'}],FR2
all,Musique,2.5941666666666667,,H,2 heures 35 minutes,19%,2022-01-02,[{'media': 'TV'}],FR2
all,Femme,3.258611111111111,,H,3 heures 15 minutes,23%,2022-01-02,[{'media': 'TV'}],FR2
all,Homme,5.776944444444444,,H,5 heures 46 minutes,41%,2022-01-02,[{'media': 'TV'}],FR2
all,Silence,0.78,,H,46 minutes,6%,2022-01-03,[{'media': 'TV'}],FR2
all,Bruit,0.8463888888888889,,H,50 minutes,6%,2022-01-03,[{'media': 'TV'}],FR2
all,Musique,1.9638888888888888,,H,1 heure 57 minutes,14%,2022-01-03,[{'media': 'TV'}],FR2
all,Femme,4.933611111111111,,H,4 heures 56 minutes,35%,2022-01-03,[{'media': 'TV'}],FR2
all,Homme,5.479166666666667,,H,5 heures 28 minutes,39%,2022-01-03,[{'media': 'TV'}],FR2
all,Bruit,0.7044444444444444,,H,42 minutes,5%,2022-01-04,[{'media': 'TV'}],FR2
all,Silence,0.7925,,H,47 minutes,6%,2022-01-04,[{'media': 'TV'}],FR2
all,Musique,1.9883333333333333,,H,1 heure 59 minutes,14%,2022-01-04,[{'media': 'TV'}],FR2
all,Femme,5.155,,H,5 heures 9 minutes,37%,2022-01-04,[{'media': 'TV'}],FR2
all,Homme,5.362222222222222,,H,5 heures 21 minutes,38%,2022-01-04,[{'media': 'TV'}],FR2
all,Silence,0.605,,H,36 minutes,4%,2022-01-05,[{'media': 'TV'}],FR2
all,Bruit,0.6352777777777778,,H,38 minutes,5%,2022-01-05,[{'media': 'TV'}],FR2
all,Musique,1.8205555555555555,,H,1 heure 49 minutes,13%,2022-01-05,[{'media': 'TV'}],FR2
all,Homme,5.399166666666667,,H,5 heures 23 minutes,39%,2022-01-05,[{'media': 'TV'}],FR2
all,Femme,5.5425,,H,5 heures 32 minutes,40%,2022-01-05,[{'media': 'TV'}],FR2
all,Bruit,0.40694444444444444,,H,24 minutes,3%,2022-01-06,[{'media': 'TV'}],FR2
all,Silence,0.7183333333333334,,H,43 minutes,5%,2022-01-06,[{'media': 'TV'}],FR2
all,Musique,1.753611111111111,,H,1 heure 45 minutes,13%,2022-01-06,[{'media': 'TV'}],FR2
all,Homme,5.189166666666667,,H,5 heures 11 minutes,37%,2022-01-06,[{'media': 'TV'}],FR2
all,Femme,5.935,,H,5 heures 56 minutes,42%,2022-01-06,[{'media': 'TV'}],FR2
all,Silence,0.6702777777777778,,H,40 minutes,5%,2022-01-07,[{'media': 'TV'}],FR2
all,Bruit,0.8847222222222222,,H,53 minutes,6%,2022-01-07,[{'media': 'TV'}],FR2
all,Musique,1.8377777777777777,,H,1 heure 50 minutes,13%,2022-01-07,[{'media': 'TV'}],FR2
all,Homme,5.285555555555556,,H,5 heures 17 minutes,38%,2022-01-07,[{'media': 'TV'}],FR2
all,Femme,5.325277777777778,,H,5 heures 19 minutes,38%,2022-01-07,[{'media': 'TV'}],FR2
all,Homme,0.015555555555555555,,H,0 minute,56%,2022-01-08,[{'media': 'TV'}],FR2
all,Bruit,0.9202777777777778,,H,55 minutes,7%,2022-01-09,[{'media': 'TV'}],FR2
all,Musique,2.236111111111111,,H,2 heures 14 minutes,17%,2022-01-09,[{'media': 'TV'}],FR2
all,Femme,4.6338888888888885,,H,4 heures 38 minutes,34%,2022-01-09,[{'media': 'TV'}],FR2
all,Homme,5.67,,H,5 heures 40 minutes,42%,2022-01-09,[{'media': 'TV'}],FR2
all,Bruit,0.7683333333333333,,H,46 minutes,6%,2022-01-10,[{'media': 'TV'}],FR2
all,Musique,1.8197222222222222,,H,1 heure 49 minutes,14%,2022-01-10,[{'media': 'TV'}],FR2
all,Femme,4.785555555555556,,H,4 heures 47 minutes,36%,2022-01-10,[{'media': 'TV'}],FR2
all,Homme,5.912222222222222,,H,5 heures 54 minutes,45%,2022-01-10,[{'media': 'TV'}],FR2
all,Bruit,1.2133333333333334,,H,1 heure 12 minutes,9%,2022-01-11,[{'media': 'TV'}],FR2
all,Musique,2.0775,,H,2 heures 4 minutes,16%,2022-01-11,[{'media': 'TV'}],FR2
all,Femme,4.811388888888889,,H,4 heures 48 minutes,36%,2022-01-11,[{'media': 'TV'}],FR2
all,Homme,5.158611111111111,,H,5 heures 9 minutes,39%,2022-01-11,[{'media': 'TV'}],FR2
all,Bruit,1.0847222222222221,,H,1 heure 5 minutes,8%,2022-01-12,[{'media': 'TV'}],FR2
all,Musique,1.9019444444444444,,H,1 heure 54 minutes,14%,2022-01-12,[{'media': 'TV'}],FR2
all,Femme,5.039166666666667,,H,5 heures 2 minutes,38%,2022-01-12,[{'media': 'TV'}],FR2
all,Homme,5.200277777777778,,H,5 heures 12 minutes,39%,2022-01-12,[{'media': 'TV'}],FR2
all,Bruit,0.37,,H,22 minutes,3%,2022-01-13,[{'media': 'TV'}],FR2
all,Musique,1.6933333333333334,,H,1 heure 41 minutes,13%,2022-01-13,[{'media': 'TV'}],FR2
all,Femme,5.150277777777778,,H,5 heures 9 minutes,38%,2022-01-13,[{'media': 'TV'}],FR2
all,Homme,6.1675,,H,6 heures 10 minutes,46%,2022-01-13,[{'media': 'TV'}],FR2
all,Bruit,0.7066666666666667,,H,42 minutes,5%,2022-01-14,[{'media': 'TV'}],FR2
all,Musique,1.7313888888888889,,H,1 heure 43 minutes,13%,2022-01-14,[{'media': 'TV'}],FR2
all,Femme,5.351111111111111,,H,5 heures 21 minutes,40%,2022-01-14,[{'media': 'TV'}],FR2
all,Homme,5.4863888888888885,,H,5 heures 29 minutes,41%,2022-01-14,[{'media': 'TV'}],FR2
all,Bruit,0.7119444444444445,,H,42 minutes,5%,2022-01-15,[{'media': 'TV'}],FR2
all,Musique,2.6419444444444444,,H,2 heures 38 minutes,19%,2022-01-15,[{'media': 'TV'}],FR2
all,Femme,3.881666666666667,,H,3 heures 52 minutes,28%,2022-01-15,[{'media': 'TV'}],FR2
all,Homme,6.398055555555556,,H,6 heures 23 minutes,47%,2022-01-15,[{'media': 'TV'}],FR2
all,Bruit,0.9894444444444445,,H,59 minutes,7%,2022-01-16,[{'media': 'TV'}],FR2
all,Musique,2.076111111111111,,H,2 heures 4 minutes,15%,2022-01-16,[{'media': 'TV'}],FR2
all,Femme,3.63,,H,3 heures 37 minutes,27%,2022-01-16,[{'media': 'TV'}],FR2
all,Homme,6.7363888888888885,,H,6 heures 44 minutes,50%,2022-01-16,[{'media': 'TV'}],FR2
all,Bruit,0.6166666666666667,,H,37 minutes,5%,2022-01-17,[{'media': 'TV'}],FR2
all,Musique,1.855,,H,1 heure 51 minutes,14%,2022-01-17,[{'media': 'TV'}],FR2
all,Femme,5.103611111111111,,H,5 heures 6 minutes,39%,2022-01-17,[{'media': 'TV'}],FR2
all,Homme,5.650555555555556,,H,5 heures 39 minutes,43%,2022-01-17,[{'media': 'TV'}],FR2
all,Bruit,0.3322222222222222,,H,19 minutes,2%,2022-01-18,[{'media': 'TV'}],FR2
all,Musique,1.7080555555555557,,H,1 heure 42 minutes,13%,2022-01-18,[{'media': 'TV'}],FR2
all,Femme,5.306388888888889,,H,5 heures 18 minutes,40%,2022-01-18,[{'media': 'TV'}],FR2
all,Homme,5.956944444444445,,H,5 heures 57 minutes,45%,2022-01-18,[{'media': 'TV'}],FR2
all,Bruit,0.47833333333333333,,H,28 minutes,4%,2022-01-19,[{'media': 'TV'}],FR2
all,Musique,2.1255555555555556,,H,2 heures 7 minutes,16%,2022-01-19,[{'media': 'TV'}],FR2
all,Femme,5.067777777777778,,H,5 heures 4 minutes,38%,2022-01-19,[{'media': 'TV'}],FR2
all,Homme,5.601666666666667,,H,5 heures 36 minutes,42%,2022-01-19,[{'media': 'TV'}],FR2
all,Bruit,0.2980555555555556,,H,17 minutes,2%,2022-01-20,[{'media': 'TV'}],FR2
all,Musique,1.0830555555555557,,H,1 heure 4 minutes,8%,2022-01-20,[{'media': 'TV'}],FR2
all,Femme,5.9125,,H,5 heures 54 minutes,44%,2022-01-20,[{'media': 'TV'}],FR2
all,Homme,6.014444444444444,,H,6 heures 0 minute,45%,2022-01-20,[{'media': 'TV'}],FR2
all,Bruit,0.8033333333333333,,H,48 minutes,6%,2022-01-21,[{'media': 'TV'}],FR2
all,Musique,1.8025,,H,1 heure 48 minutes,14%,2022-01-21,[{'media': 'TV'}],FR2
all,Femme,5.184166666666667,,H,5 heures 11 minutes,39%,2022-01-21,[{'media': 'TV'}],FR2
all,Homme,5.539444444444444,,H,5 heures 32 minutes,42%,2022-01-21,[{'media': 'TV'}],FR2
all,Bruit,0.49166666666666664,,H,29 minutes,4%,2022-01-22,[{'media': 'TV'}],FR2
all,Musique,2.4466666666666668,,H,2 heures 26 minutes,18%,2022-01-22,[{'media': 'TV'}],FR2
all,Femme,4.733333333333333,,H,4 heures 44 minutes,35%,2022-01-22,[{'media': 'TV'}],FR2
all,Homme,5.935277777777777,,H,5 heures 56 minutes,44%,2022-01-22,[{'media': 'TV'}],FR2
all,Bruit,0.7652777777777777,,H,45 minutes,6%,2022-01-23,[{'media': 'TV'}],FR2
all,Musique,2.4080555555555554,,H,2 heures 24 minutes,18%,2022-01-23,[{'media': 'TV'}],FR2
all,Femme,4.271111111111111,,H,4 heures 16 minutes,32%,2022-01-23,[{'media': 'TV'}],FR2
all,Homme,5.724166666666667,,H,5 heures 43 minutes,43%,2022-01-23,[{'media': 'TV'}],FR2
all,Bruit,0.6858333333333333,,H,41 minutes,5%,2022-01-24,[{'media': 'TV'}],FR2
all,Musique,1.8411111111111111,,H,1 heure 50 minutes,14%,2022-01-24,[{'media': 'TV'}],FR2
all,Homme,5.031944444444444,,H,5 heures 1 minute,38%,2022-01-24,[{'media': 'TV'}],FR2
all,Femme,5.783611111111111,,H,5 heures 47 minutes,43%,2022-01-24,[{'media': 'TV'}],FR2
all,Bruit,0.19833333333333333,,H,11 minutes,1%,2022-01-25,[{'media': 'TV'}],FR2
all,Musique,1.5788888888888888,,H,1 heure 34 minutes,12%,2022-01-25,[{'media': 'TV'}],FR2
all,Homme,4.881388888888889,,H,4 heures 52 minutes,36%,2022-01-25,[{'media': 'TV'}],FR2
all,Femme,6.767222222222222,,H,6 heures 46 minutes,50%,2022-01-25,[{'media': 'TV'}],FR2
all,Bruit,0.4452777777777778,,H,26 minutes,3%,2022-01-26,[{'media': 'TV'}],FR2
all,Musique,1.9641666666666666,,H,1 heure 57 minutes,15%,2022-01-26,[{'media': 'TV'}],FR2
all,Homme,5.456944444444445,,H,5 heures 27 minutes,41%,2022-01-26,[{'media': 'TV'}],FR2
all,Femme,5.506388888888889,,H,5 heures 30 minutes,41%,2022-01-26,[{'media': 'TV'}],FR2
all,Bruit,0.24888888888888888,,H,14 minutes,2%,2022-01-27,[{'media': 'TV'}],FR2
all,Musique,1.626111111111111,,H,1 heure 37 minutes,12%,2022-01-27,[{'media': 'TV'}],FR2
all,Homme,5.486944444444444,,H,5 heures 29 minutes,41%,2022-01-27,[{'media': 'TV'}],FR2
all,Femme,6.026388888888889,,H,6 heures 1 minute,45%,2022-01-27,[{'media': 'TV'}],FR2
all,Bruit,0.7311111111111112,,H,43 minutes,6%,2022-01-28,[{'media': 'TV'}],FR2
all,Musique,2.1525,,H,2 heures 9 minutes,16%,2022-01-28,[{'media': 'TV'}],FR2
all,Femme,4.788333333333333,,H,4 heures 47 minutes,36%,2022-01-28,[{'media': 'TV'}],FR2
all,Homme,5.611944444444444,,H,5 heures 36 minutes,42%,2022-01-28,[{'media': 'TV'}],FR2
all,Bruit,0.37972222222222224,,H,22 minutes,3%,2022-01-29,[{'media': 'TV'}],FR2
all,Musique,2.0747222222222224,,H,2 heures 4 minutes,15%,2022-01-29,[{'media': 'TV'}],FR2
all,Femme,3.9202777777777778,,H,3 heures 55 minutes,29%,2022-01-29,[{'media': 'TV'}],FR2
all,Homme,7.1802777777777775,,H,7 heures 10 minutes,53%,2022-01-29,[{'media': 'TV'}],FR2
all,Bruit,0.8394444444444444,,H,50 minutes,6%,2022-01-30,[{'media': 'TV'}],FR2
all,Musique,2.410277777777778,,H,2 heures 24 minutes,18%,2022-01-30,[{'media': 'TV'}],FR2
all,Femme,3.8222222222222224,,H,3 heures 49 minutes,29%,2022-01-30,[{'media': 'TV'}],FR2
all,Homme,6.229166666666667,,H,6 heures 13 minutes,47%,2022-01-30,[{'media': 'TV'}],FR2
all,Bruit,0.7311111111111112,,H,43 minutes,6%,2022-01-31,[{'media': 'TV'}],FR2
all,Musique,1.7652777777777777,,H,1 heure 45 minutes,13%,2022-01-31,[{'media': 'TV'}],FR2
all,Homme,5.103611111111111,,H,5 heures 6 minutes,38%,2022-01-31,[{'media': 'TV'}],FR2
all,Femme,5.681666666666667,,H,5 heures 40 minutes,43%,2022-01-31,[{'media': 'TV'}],FR2
all,Silence,0.5858333333333333,,H,35 minutes,4%,2022-01-01,[{'media': 'TV'}],FR3
all,Bruit,1.1869444444444444,,H,1 heure 11 minutes,8%,2022-01-01,[{'media': 'TV'}],FR3
all,Musique,2.9319444444444445,,H,2 heures 55 minutes,21%,2022-01-01,[{'media': 'TV'}],FR3
all,Femme,4.501388888888889,,H,4 heures 30 minutes,32%,2022-01-01,[{'media': 'TV'}],FR3
all,Homme,4.796944444444445,,H,4 heures 47 minutes,34%,2022-01-01,[{'media': 'TV'}],FR3
all,Silence,0.5758333333333333,,H,34 minutes,4%,2022-01-02,[{'media': 'TV'}],FR3
all,Musique,2.3569444444444443,,H,2 heures 21 minutes,17%,2022-01-02,[{'media': 'TV'}],FR3
all,Bruit,2.6358333333333333,,H,2 heures 38 minutes,19%,2022-01-02,[{'media': 'TV'}],FR3
all,Femme,2.686111111111111,,H,2 heures 41 minutes,19%,2022-01-02,[{'media': 'TV'}],FR3
all,Homme,5.748333333333333,,H,5 heures 44 minutes,41%,2022-01-02,[{'media': 'TV'}],FR3
all,Silence,0.5372222222222223,,H,32 minutes,4%,2022-01-03,[{'media': 'TV'}],FR3
all,Bruit,1.5408333333333333,,H,1 heure 32 minutes,11%,2022-01-03,[{'media': 'TV'}],FR3
all,Musique,1.5877777777777777,,H,1 heure 35 minutes,11%,2022-01-03,[{'media': 'TV'}],FR3
all,Femme,3.3847222222222224,,H,3 heures 23 minutes,24%,2022-01-03,[{'media': 'TV'}],FR3
all,Homme,6.953055555555555,,H,6 heures 57 minutes,50%,2022-01-03,[{'media': 'TV'}],FR3
all,Silence,0.6275,,H,37 minutes,4%,2022-01-04,[{'media': 'TV'}],FR3
all,Musique,1.7672222222222222,,H,1 heure 46 minutes,13%,2022-01-04,[{'media': 'TV'}],FR3
all,Bruit,2.1230555555555557,,H,2 heures 7 minutes,15%,2022-01-04,[{'media': 'TV'}],FR3
all,Femme,3.6944444444444446,,H,3 heures 41 minutes,26%,2022-01-04,[{'media': 'TV'}],FR3
all,Homme,5.7908333333333335,,H,5 heures 47 minutes,41%,2022-01-04,[{'media': 'TV'}],FR3
all,Silence,0.5825,,H,34 minutes,4%,2022-01-05,[{'media': 'TV'}],FR3
all,Bruit,1.0552777777777778,,H,1 heure 3 minutes,8%,2022-01-05,[{'media': 'TV'}],FR3
all,Musique,1.9666666666666666,,H,1 heure 58 minutes,14%,2022-01-05,[{'media': 'TV'}],FR3
all,Femme,3.8158333333333334,,H,3 heures 48 minutes,27%,2022-01-05,[{'media': 'TV'}],FR3
all,Homme,6.583055555555555,,H,6 heures 34 minutes,47%,2022-01-05,[{'media': 'TV'}],FR3
all,Silence,0.6886111111111111,,H,41 minutes,5%,2022-01-06,[{'media': 'TV'}],FR3
all,Bruit,1.6041666666666667,,H,1 heure 36 minutes,11%,2022-01-06,[{'media': 'TV'}],FR3
all,Musique,1.706388888888889,,H,1 heure 42 minutes,12%,2022-01-06,[{'media': 'TV'}],FR3
all,Femme,3.9472222222222224,,H,3 heures 56 minutes,28%,2022-01-06,[{'media': 'TV'}],FR3
all,Homme,6.057222222222222,,H,6 heures 3 minutes,43%,2022-01-06,[{'media': 'TV'}],FR3
all,Silence,0.6222222222222222,,H,37 minutes,4%,2022-01-07,[{'media': 'TV'}],FR3
all,Bruit,1.1933333333333334,,H,1 heure 11 minutes,9%,2022-01-07,[{'media': 'TV'}],FR3
all,Musique,2.2325,,H,2 heures 13 minutes,16%,2022-01-07,[{'media': 'TV'}],FR3
all,Femme,3.5966666666666667,,H,3 heures 35 minutes,26%,2022-01-07,[{'media': 'TV'}],FR3
all,Homme,6.358055555555556,,H,6 heures 21 minutes,45%,2022-01-07,[{'media': 'TV'}],FR3
all,Bruit,0.0016666666666666668,,H,0 minute,6%,2022-01-08,[{'media': 'TV'}],FR3
all,Bruit,1.6272222222222221,,H,1 heure 37 minutes,12%,2022-01-09,[{'media': 'TV'}],FR3
all,Musique,1.8027777777777778,,H,1 heure 48 minutes,14%,2022-01-09,[{'media': 'TV'}],FR3
all,Femme,2.991111111111111,,H,2 heures 59 minutes,23%,2022-01-09,[{'media': 'TV'}],FR3
all,Homme,6.773611111111111,,H,6 heures 46 minutes,51%,2022-01-09,[{'media': 'TV'}],FR3
all,Bruit,0.9583333333333334,,H,57 minutes,7%,2022-01-10,[{'media': 'TV'}],FR3
all,Musique,1.7272222222222222,,H,1 heure 43 minutes,13%,2022-01-10,[{'media': 'TV'}],FR3
all,Femme,3.8761111111111113,,H,3 heures 52 minutes,29%,2022-01-10,[{'media': 'TV'}],FR3
all,Homme,6.838055555555556,,H,6 heures 50 minutes,51%,2022-01-10,[{'media': 'TV'}],FR3
all,Bruit,1.3966666666666667,,H,1 heure 23 minutes,10%,2022-01-11,[{'media': 'TV'}],FR3
all,Musique,1.718611111111111,,H,1 heure 43 minutes,13%,2022-01-11,[{'media': 'TV'}],FR3
all,Femme,4.228611111111111,,H,4 heures 13 minutes,32%,2022-01-11,[{'media': 'TV'}],FR3
all,Homme,6.040277777777778,,H,6 heures 2 minutes,45%,2022-01-11,[{'media': 'TV'}],FR3
all,Bruit,1.0925,,H,1 heure 5 minutes,8%,2022-01-12,[{'media': 'TV'}],FR3
all,Musique,1.7533333333333334,,H,1 heure 45 minutes,13%,2022-01-12,[{'media': 'TV'}],FR3
all,Femme,3.962222222222222,,H,3 heures 57 minutes,29%,2022-01-12,[{'media': 'TV'}],FR3
all,Homme,6.6475,,H,6 heures 38 minutes,49%,2022-01-12,[{'media': 'TV'}],FR3
all,Bruit,1.3197222222222222,,H,1 heure 19 minutes,10%,2022-01-13,[{'media': 'TV'}],FR3
all,Musique,1.7413888888888889,,H,1 heure 44 minutes,13%,2022-01-13,[{'media': 'TV'}],FR3
all,Femme,3.8480555555555553,,H,3 heures 50 minutes,29%,2022-01-13,[{'media': 'TV'}],FR3
all,Homme,6.475833333333333,,H,6 heures 28 minutes,48%,2022-01-13,[{'media': 'TV'}],FR3
all,Bruit,0.9433333333333334,,H,56 minutes,7%,2022-01-14,[{'media': 'TV'}],FR3
all,Musique,1.8419444444444444,,H,1 heure 50 minutes,14%,2022-01-14,[{'media': 'TV'}],FR3
all,Femme,3.9338888888888888,,H,3 heures 56 minutes,30%,2022-01-14,[{'media': 'TV'}],FR3
all,Homme,6.580277777777778,,H,6 heures 34 minutes,49%,2022-01-14,[{'media': 'TV'}],FR3
all,Bruit,1.1647222222222222,,H,1 heure 9 minutes,9%,2022-01-15,[{'media': 'TV'}],FR3
all,Musique,2.3961111111111113,,H,2 heures 23 minutes,18%,2022-01-15,[{'media': 'TV'}],FR3
all,Femme,3.7925,,H,3 heures 47 minutes,28%,2022-01-15,[{'media': 'TV'}],FR3
all,Homme,6.080555555555556,,H,6 heures 4 minutes,45%,2022-01-15,[{'media': 'TV'}],FR3
all,Bruit,1.8319444444444444,,H,1 heure 49 minutes,14%,2022-01-16,[{'media': 'TV'}],FR3
all,Musique,1.9580555555555557,,H,1 heure 57 minutes,15%,2022-01-16,[{'media': 'TV'}],FR3
all,Femme,2.9319444444444445,,H,2 heures 55 minutes,22%,2022-01-16,[{'media': 'TV'}],FR3
all,Homme,6.645277777777777,,H,6 heures 38 minutes,50%,2022-01-16,[{'media': 'TV'}],FR3
all,Bruit,0.9747222222222223,,H,58 minutes,7%,2022-01-17,[{'media': 'TV'}],FR3
all,Musique,1.691111111111111,,H,1 heure 41 minutes,13%,2022-01-17,[{'media': 'TV'}],FR3
all,Femme,3.5530555555555554,,H,3 heures 33 minutes,26%,2022-01-17,[{'media': 'TV'}],FR3
all,Homme,7.199722222222222,,H,7 heures 11 minutes,54%,2022-01-17,[{'media': 'TV'}],FR3
all,Bruit,1.506388888888889,,H,1 heure 30 minutes,11%,2022-01-18,[{'media': 'TV'}],FR3
all,Musique,1.7991666666666666,,H,1 heure 47 minutes,13%,2022-01-18,[{'media': 'TV'}],FR3
all,Femme,3.8633333333333333,,H,3 heures 51 minutes,29%,2022-01-18,[{'media': 'TV'}],FR3
all,Homme,6.235555555555556,,H,6 heures 14 minutes,47%,2022-01-18,[{'media': 'TV'}],FR3
all,Bruit,0.8766666666666667,,H,52 minutes,7%,2022-01-19,[{'media': 'TV'}],FR3
all,Musique,1.7469444444444444,,H,1 heure 44 minutes,13%,2022-01-19,[{'media': 'TV'}],FR3
all,Femme,3.838888888888889,,H,3 heures 50 minutes,29%,2022-01-19,[{'media': 'TV'}],FR3
all,Homme,6.956666666666667,,H,6 heures 57 minutes,52%,2022-01-19,[{'media': 'TV'}],FR3
all,Bruit,1.3197222222222222,,H,1 heure 19 minutes,10%,2022-01-20,[{'media': 'TV'}],FR3
all,Musique,2.151388888888889,,H,2 heures 9 minutes,16%,2022-01-20,[{'media': 'TV'}],FR3
all,Femme,4.094166666666666,,H,4 heures 5 minutes,31%,2022-01-20,[{'media': 'TV'}],FR3
all,Homme,5.696111111111111,,H,5 heures 41 minutes,43%,2022-01-20,[{'media': 'TV'}],FR3
all,Bruit,0.5941666666666666,,H,35 minutes,4%,2022-01-21,[{'media': 'TV'}],FR3
all,Musique,2.275,,H,2 heures 16 minutes,17%,2022-01-21,[{'media': 'TV'}],FR3
all,Femme,4.245,,H,4 heures 14 minutes,32%,2022-01-21,[{'media': 'TV'}],FR3
all,Homme,6.1258333333333335,,H,6 heures 7 minutes,46%,2022-01-21,[{'media': 'TV'}],FR3
all,Bruit,0.6655555555555556,,H,39 minutes,5%,2022-01-22,[{'media': 'TV'}],FR3
all,Musique,2.375277777777778,,H,2 heures 22 minutes,18%,2022-01-22,[{'media': 'TV'}],FR3
all,Femme,4.972777777777778,,H,4 heures 58 minutes,37%,2022-01-22,[{'media': 'TV'}],FR3
all,Homme,5.310555555555555,,H,5 heures 18 minutes,40%,2022-01-22,[{'media': 'TV'}],FR3
all,Bruit,1.0308333333333333,,H,1 heure 1 minute,8%,2022-01-23,[{'media': 'TV'}],FR3
all,Musique,2.231388888888889,,H,2 heures 13 minutes,17%,2022-01-23,[{'media': 'TV'}],FR3
all,Femme,2.6108333333333333,,H,2 heures 36 minutes,20%,2022-01-23,[{'media': 'TV'}],FR3
all,Homme,7.302222222222222,,H,7 heures 18 minutes,55%,2022-01-23,[{'media': 'TV'}],FR3
all,Bruit,0.6938888888888889,,H,41 minutes,5%,2022-01-24,[{'media': 'TV'}],FR3
all,Musique,1.8883333333333334,,H,1 heure 53 minutes,14%,2022-01-24,[{'media': 'TV'}],FR3
all,Femme,3.7552777777777777,,H,3 heures 45 minutes,28%,2022-01-24,[{'media': 'TV'}],FR3
all,Homme,7.029444444444445,,H,7 heures 1 minute,53%,2022-01-24,[{'media': 'TV'}],FR3
all,Bruit,1.9383333333333332,,H,1 heure 56 minutes,15%,2022-01-25,[{'media': 'TV'}],FR3
all,Musique,1.9547222222222222,,H,1 heure 57 minutes,15%,2022-01-25,[{'media': 'TV'}],FR3
all,Femme,3.265277777777778,,H,3 heures 15 minutes,25%,2022-01-25,[{'media': 'TV'}],FR3
all,Homme,6.126666666666667,,H,6 heures 7 minutes,46%,2022-01-25,[{'media': 'TV'}],FR3
all,Bruit,0.8075,,H,48 minutes,6%,2022-01-26,[{'media': 'TV'}],FR3
all,Musique,1.9680555555555554,,H,1 heure 58 minutes,15%,2022-01-26,[{'media': 'TV'}],FR3
all,Femme,3.7516666666666665,,H,3 heures 45 minutes,28%,2022-01-26,[{'media': 'TV'}],FR3
all,Homme,6.839444444444444,,H,6 heures 50 minutes,51%,2022-01-26,[{'media': 'TV'}],FR3
all,Bruit,1.2230555555555556,,H,1 heure 13 minutes,9%,2022-01-27,[{'media': 'TV'}],FR3
all,Musique,2.4338888888888888,,H,2 heures 26 minutes,18%,2022-01-27,[{'media': 'TV'}],FR3
all,Femme,3.7888888888888888,,H,3 heures 47 minutes,29%,2022-01-27,[{'media': 'TV'}],FR3
all,Homme,5.840277777777778,,H,5 heures 50 minutes,44%,2022-01-27,[{'media': 'TV'}],FR3
all,Bruit,0.5775,,H,34 minutes,4%,2022-01-28,[{'media': 'TV'}],FR3
all,Musique,2.8427777777777776,,H,2 heures 50 minutes,22%,2022-01-28,[{'media': 'TV'}],FR3
all,Femme,3.763333333333333,,H,3 heures 45 minutes,29%,2022-01-28,[{'media': 'TV'}],FR3
all,Homme,6.020833333333333,,H,6 heures 1 minute,46%,2022-01-28,[{'media': 'TV'}],FR3
all,Bruit,0.8016666666666666,,H,48 minutes,6%,2022-01-29,[{'media': 'TV'}],FR3
all,Musique,2.712222222222222,,H,2 heures 42 minutes,20%,2022-01-29,[{'media': 'TV'}],FR3
all,Femme,4.477777777777778,,H,4 heures 28 minutes,33%,2022-01-29,[{'media': 'TV'}],FR3
all,Homme,5.4686111111111115,,H,5 heures 28 minutes,41%,2022-01-29,[{'media': 'TV'}],FR3
all,Bruit,0.9827777777777778,,H,58 minutes,7%,2022-01-30,[{'media': 'TV'}],FR3
all,Musique,2.0997222222222223,,H,2 heures 5 minutes,16%,2022-01-30,[{'media': 'TV'}],FR3
all,Femme,3.383888888888889,,H,3 heures 23 minutes,26%,2022-01-30,[{'media': 'TV'}],FR3
all,Homme,6.668333333333333,,H,6 heures 40 minutes,51%,2022-01-30,[{'media': 'TV'}],FR3
all,Bruit,0.9375,,H,56 minutes,7%,2022-01-31,[{'media': 'TV'}],FR3
all,Musique,1.5744444444444445,,H,1 heure 34 minutes,12%,2022-01-31,[{'media': 'TV'}],FR3
all,Femme,3.1783333333333332,,H,3 heures 10 minutes,24%,2022-01-31,[{'media': 'TV'}],FR3
all,Homme,7.765833333333333,,H,7 heures 45 minutes,58%,2022-01-31,[{'media': 'TV'}],FR3
all,Silence,0.31972222222222224,,H,19 minutes,2%,2022-01-01,[{'media': 'TV'}],M6_
all,Bruit,0.5661111111111111,,H,33 minutes,4%,2022-01-01,[{'media': 'TV'}],M6_
all,Musique,2.7247222222222223,,H,2 heures 43 minutes,19%,2022-01-01,[{'media': 'TV'}],M6_
all,Femme,4.4525,,H,4 heures 27 minutes,32%,2022-01-01,[{'media': 'TV'}],M6_
all,Homme,5.939722222222223,,H,5 heures 56 minutes,42%,2022-01-01,[{'media': 'TV'}],M6_
all,Silence,0.20972222222222223,,H,12 minutes,1%,2022-01-02,[{'media': 'TV'}],M6_
all,Bruit,0.41805555555555557,,H,25 minutes,3%,2022-01-02,[{'media': 'TV'}],M6_
all,Musique,1.7708333333333333,,H,1 heure 46 minutes,13%,2022-01-02,[{'media': 'TV'}],M6_
all,Femme,4.0536111111111115,,H,4 heures 3 minutes,29%,2022-01-02,[{'media': 'TV'}],M6_
all,Homme,7.550833333333333,,H,7 heures 33 minutes,54%,2022-01-02,[{'media': 'TV'}],M6_
all,Silence,0.4025,,H,24 minutes,3%,2022-01-03,[{'media': 'TV'}],M6_
all,Bruit,0.8338888888888889,,H,50 minutes,6%,2022-01-03,[{'media': 'TV'}],M6_
all,Musique,2.625277777777778,,H,2 heures 37 minutes,19%,2022-01-03,[{'media': 'TV'}],M6_
all,Femme,4.309722222222222,,H,4 heures 18 minutes,31%,2022-01-03,[{'media': 'TV'}],M6_
all,Homme,5.831388888888889,,H,5 heures 49 minutes,42%,2022-01-03,[{'media': 'TV'}],M6_
all,Silence,0.2577777777777778,,H,15 minutes,2%,2022-01-04,[{'media': 'TV'}],M6_
all,Bruit,0.3794444444444444,,H,22 minutes,3%,2022-01-04,[{'media': 'TV'}],M6_
all,Musique,2.0677777777777777,,H,2 heures 4 minutes,15%,2022-01-04,[{'media': 'TV'}],M6_
all,Femme,4.8630555555555555,,H,4 heures 51 minutes,35%,2022-01-04,[{'media': 'TV'}],M6_
all,Homme,6.435,,H,6 heures 26 minutes,46%,2022-01-04,[{'media': 'TV'}],M6_
all,Silence,0.24472222222222223,,H,14 minutes,2%,2022-01-05,[{'media': 'TV'}],M6_
all,Bruit,0.6352777777777778,,H,38 minutes,5%,2022-01-05,[{'media': 'TV'}],M6_
all,Musique,2.015833333333333,,H,2 heures 0 minute,14%,2022-01-05,[{'media': 'TV'}],M6_
all,Femme,4.623333333333333,,H,4 heures 37 minutes,33%,2022-01-05,[{'media': 'TV'}],M6_
all,Homme,6.483611111111111,,H,6 heures 29 minutes,46%,2022-01-05,[{'media': 'TV'}],M6_
all,Silence,0.35583333333333333,,H,21 minutes,3%,2022-01-06,[{'media': 'TV'}],M6_
all,Bruit,0.6283333333333333,,H,37 minutes,4%,2022-01-06,[{'media': 'TV'}],M6_
all,Musique,2.694166666666667,,H,2 heures 41 minutes,19%,2022-01-06,[{'media': 'TV'}],M6_
all,Femme,4.9686111111111115,,H,4 heures 58 minutes,35%,2022-01-06,[{'media': 'TV'}],M6_
all,Homme,5.356388888888889,,H,5 heures 21 minutes,38%,2022-01-06,[{'media': 'TV'}],M6_
all,Silence,0.32416666666666666,,H,19 minutes,2%,2022-01-07,[{'media': 'TV'}],M6_
all,Bruit,0.4386111111111111,,H,26 minutes,3%,2022-01-07,[{'media': 'TV'}],M6_
all,Musique,2.1444444444444444,,H,2 heures 8 minutes,15%,2022-01-07,[{'media': 'TV'}],M6_
all,Femme,4.766666666666667,,H,4 heures 46 minutes,34%,2022-01-07,[{'media': 'TV'}],M6_
all,Homme,6.329166666666667,,H,6 heures 19 minutes,45%,2022-01-07,[{'media': 'TV'}],M6_
all,Femme,0.0016666666666666668,,H,0 minute,6%,2022-01-08,[{'media': 'TV'}],M6_
all,Bruit,0.34194444444444444,,H,20 minutes,2%,2022-01-09,[{'media': 'TV'}],M6_
all,Musique,1.7347222222222223,,H,1 heure 44 minutes,13%,2022-01-09,[{'media': 'TV'}],M6_
all,Femme,5.576944444444444,,H,5 heures 34 minutes,41%,2022-01-09,[{'media': 'TV'}],M6_
all,Homme,6.093055555555556,,H,6 heures 5 minutes,44%,2022-01-09,[{'media': 'TV'}],M6_
all,Bruit,0.3438888888888889,,H,20 minutes,3%,2022-01-10,[{'media': 'TV'}],M6_
all,Musique,1.9705555555555556,,H,1 heure 58 minutes,14%,2022-01-10,[{'media': 'TV'}],M6_
all,Femme,4.530277777777778,,H,4 heures 31 minutes,33%,2022-01-10,[{'media': 'TV'}],M6_
all,Homme,6.895555555555555,,H,6 heures 53 minutes,50%,2022-01-10,[{'media': 'TV'}],M6_
all,Bruit,0.48694444444444446,,H,29 minutes,4%,2022-01-11,[{'media': 'TV'}],M6_
all,Musique,2.2719444444444443,,H,2 heures 16 minutes,17%,2022-01-11,[{'media': 'TV'}],M6_
all,Femme,4.225833333333333,,H,4 heures 13 minutes,31%,2022-01-11,[{'media': 'TV'}],M6_
all,Homme,6.767222222222222,,H,6 heures 46 minutes,49%,2022-01-11,[{'media': 'TV'}],M6_
all,Bruit,0.49833333333333335,,H,29 minutes,4%,2022-01-12,[{'media': 'TV'}],M6_
all,Musique,2.1380555555555554,,H,2 heures 8 minutes,16%,2022-01-12,[{'media': 'TV'}],M6_
all,Femme,4.035,,H,4 heures 2 minutes,29%,2022-01-12,[{'media': 'TV'}],M6_
all,Homme,7.038888888888889,,H,7 heures 2 minutes,51%,2022-01-12,[{'media': 'TV'}],M6_
all,Bruit,0.5027777777777778,,H,30 minutes,4%,2022-01-13,[{'media': 'TV'}],M6_
all,Musique,2.631388888888889,,H,2 heures 37 minutes,19%,2022-01-13,[{'media': 'TV'}],M6_
all,Femme,4.6561111111111115,,H,4 heures 39 minutes,34%,2022-01-13,[{'media': 'TV'}],M6_
all,Homme,5.8005555555555555,,H,5 heures 48 minutes,43%,2022-01-13,[{'media': 'TV'}],M6_
all,Bruit,0.37444444444444447,,H,22 minutes,3%,2022-01-14,[{'media': 'TV'}],M6_
all,Musique,1.9458333333333333,,H,1 heure 56 minutes,14%,2022-01-14,[{'media': 'TV'}],M6_
all,Femme,4.804722222222222,,H,4 heures 48 minutes,35%,2022-01-14,[{'media': 'TV'}],M6_
all,Homme,6.5875,,H,6 heures 35 minutes,48%,2022-01-14,[{'media': 'TV'}],M6_
all,Bruit,0.7666666666666667,,H,46 minutes,6%,2022-01-15,[{'media': 'TV'}],M6_
all,Musique,2.430833333333333,,H,2 heures 25 minutes,18%,2022-01-15,[{'media': 'TV'}],M6_
all,Homme,5.006388888888889,,H,5 heures 0 minute,37%,2022-01-15,[{'media': 'TV'}],M6_
all,Femme,5.4325,,H,5 heures 25 minutes,40%,2022-01-15,[{'media': 'TV'}],M6_
all,Bruit,0.29333333333333333,,H,17 minutes,2%,2022-01-16,[{'media': 'TV'}],M6_
all,Musique,1.8272222222222223,,H,1 heure 49 minutes,13%,2022-01-16,[{'media': 'TV'}],M6_
all,Femme,4.333611111111111,,H,4 heures 20 minutes,32%,2022-01-16,[{'media': 'TV'}],M6_
all,Homme,7.273611111111111,,H,7 heures 16 minutes,53%,2022-01-16,[{'media': 'TV'}],M6_
all,Bruit,0.39666666666666667,,H,23 minutes,3%,2022-01-17,[{'media': 'TV'}],M6_
all,Musique,1.9030555555555555,,H,1 heure 54 minutes,14%,2022-01-17,[{'media': 'TV'}],M6_
all,Femme,4.801666666666667,,H,4 heures 48 minutes,35%,2022-01-17,[{'media': 'TV'}],M6_
all,Homme,6.579722222222222,,H,6 heures 34 minutes,48%,2022-01-17,[{'media': 'TV'}],M6_
all,Bruit,0.47805555555555557,,H,28 minutes,4%,2022-01-18,[{'media': 'TV'}],M6_
all,Musique,2.7327777777777778,,H,2 heures 43 minutes,20%,2022-01-18,[{'media': 'TV'}],M6_
all,Femme,4.583055555555555,,H,4 heures 34 minutes,34%,2022-01-18,[{'media': 'TV'}],M6_
all,Homme,5.830277777777778,,H,5 heures 49 minutes,43%,2022-01-18,[{'media': 'TV'}],M6_
all,Bruit,0.3725,,H,22 minutes,3%,2022-01-19,[{'media': 'TV'}],M6_
all,Musique,1.7880555555555555,,H,1 heure 47 minutes,13%,2022-01-19,[{'media': 'TV'}],M6_
all,Femme,4.658888888888889,,H,4 heures 39 minutes,34%,2022-01-19,[{'media': 'TV'}],M6_
all,Homme,6.833333333333333,,H,6 heures 50 minutes,50%,2022-01-19,[{'media': 'TV'}],M6_
all,Bruit,0.52,,H,31 minutes,4%,2022-01-20,[{'media': 'TV'}],M6_
all,Musique,2.6819444444444445,,H,2 heures 40 minutes,20%,2022-01-20,[{'media': 'TV'}],M6_
all,Femme,4.873333333333333,,H,4 heures 52 minutes,36%,2022-01-20,[{'media': 'TV'}],M6_
all,Homme,5.4725,,H,5 heures 28 minutes,40%,2022-01-20,[{'media': 'TV'}],M6_
all,Bruit,0.3605555555555556,,H,21 minutes,3%,2022-01-21,[{'media': 'TV'}],M6_
all,Musique,2.4925,,H,2 heures 29 minutes,18%,2022-01-21,[{'media': 'TV'}],M6_
all,Femme,4.5872222222222225,,H,4 heures 35 minutes,33%,2022-01-21,[{'media': 'TV'}],M6_
all,Homme,6.258611111111111,,H,6 heures 15 minutes,46%,2022-01-21,[{'media': 'TV'}],M6_
all,Bruit,0.655,,H,39 minutes,5%,2022-01-22,[{'media': 'TV'}],M6_
all,Musique,2.466388888888889,,H,2 heures 27 minutes,18%,2022-01-22,[{'media': 'TV'}],M6_
all,Femme,5.211111111111111,,H,5 heures 12 minutes,38%,2022-01-22,[{'media': 'TV'}],M6_
all,Homme,5.305555555555555,,H,5 heures 18 minutes,39%,2022-01-22,[{'media': 'TV'}],M6_
all,Bruit,0.34694444444444444,,H,20 minutes,3%,2022-01-23,[{'media': 'TV'}],M6_
all,Musique,1.9916666666666667,,H,1 heure 59 minutes,15%,2022-01-23,[{'media': 'TV'}],M6_
all,Femme,4.336666666666667,,H,4 heures 20 minutes,32%,2022-01-23,[{'media': 'TV'}],M6_
all,Homme,7.056666666666667,,H,7 heures 3 minutes,51%,2022-01-23,[{'media': 'TV'}],M6_
all,Bruit,0.44583333333333336,,H,26 minutes,3%,2022-01-24,[{'media': 'TV'}],M6_
all,Musique,2.1486111111111112,,H,2 heures 8 minutes,16%,2022-01-24,[{'media': 'TV'}],M6_
all,Femme,4.256666666666667,,H,4 heures 15 minutes,31%,2022-01-24,[{'media': 'TV'}],M6_
all,Homme,6.881388888888889,,H,6 heures 52 minutes,50%,2022-01-24,[{'media': 'TV'}],M6_
all,Bruit,0.7844444444444445,,H,47 minutes,6%,2022-01-25,[{'media': 'TV'}],M6_
all,Musique,2.629722222222222,,H,2 heures 37 minutes,19%,2022-01-25,[{'media': 'TV'}],M6_
all,Femme,4.583888888888889,,H,4 heures 35 minutes,34%,2022-01-25,[{'media': 'TV'}],M6_
all,Homme,5.671944444444445,,H,5 heures 40 minutes,41%,2022-01-25,[{'media': 'TV'}],M6_
all,Bruit,0.5322222222222223,,H,31 minutes,4%,2022-01-26,[{'media': 'TV'}],M6_
all,Musique,2.2619444444444445,,H,2 heures 15 minutes,17%,2022-01-26,[{'media': 'TV'}],M6_
all,Femme,4.349166666666667,,H,4 heures 20 minutes,32%,2022-01-26,[{'media': 'TV'}],M6_
all,Homme,6.5280555555555555,,H,6 heures 31 minutes,48%,2022-01-26,[{'media': 'TV'}],M6_
all,Bruit,0.45444444444444443,,H,27 minutes,3%,2022-01-27,[{'media': 'TV'}],M6_
all,Musique,2.5213888888888887,,H,2 heures 31 minutes,19%,2022-01-27,[{'media': 'TV'}],M6_
all,Femme,4.766388888888889,,H,4 heures 45 minutes,35%,2022-01-27,[{'media': 'TV'}],M6_
all,Homme,5.853055555555556,,H,5 heures 51 minutes,43%,2022-01-27,[{'media': 'TV'}],M6_
all,Bruit,0.3013888888888889,,H,18 minutes,2%,2022-01-28,[{'media': 'TV'}],M6_
all,Musique,2.2905555555555557,,H,2 heures 17 minutes,17%,2022-01-28,[{'media': 'TV'}],M6_
all,Femme,5.038333333333333,,H,5 heures 2 minutes,37%,2022-01-28,[{'media': 'TV'}],M6_
all,Homme,6.0936111111111115,,H,6 heures 5 minutes,44%,2022-01-28,[{'media': 'TV'}],M6_
all,Bruit,0.5441666666666667,,H,32 minutes,4%,2022-01-29,[{'media': 'TV'}],M6_
all,Musique,2.4,,H,2 heures 24 minutes,18%,2022-01-29,[{'media': 'TV'}],M6_
all,Femme,5.311944444444444,,H,5 heures 18 minutes,39%,2022-01-29,[{'media': 'TV'}],M6_
all,Homme,5.395555555555555,,H,5 heures 23 minutes,40%,2022-01-29,[{'media': 'TV'}],M6_
all,Bruit,0.3552777777777778,,H,21 minutes,3%,2022-01-30,[{'media': 'TV'}],M6_
all,Musique,1.7069444444444444,,H,1 heure 42 minutes,12%,2022-01-30,[{'media': 'TV'}],M6_
all,Femme,4.206666666666667,,H,4 heures 12 minutes,31%,2022-01-30,[{'media': 'TV'}],M6_
all,Homme,7.448333333333333,,H,7 heures 26 minutes,54%,2022-01-30,[{'media': 'TV'}],M6_
all,Bruit,0.45472222222222225,,H,27 minutes,3%,2022-01-31,[{'media': 'TV'}],M6_
all,Musique,2.0619444444444444,,H,2 heures 3 minutes,15%,2022-01-31,[{'media': 'TV'}],M6_
all,Femme,4.720555555555555,,H,4 heures 43 minutes,34%,2022-01-31,[{'media': 'TV'}],M6_
all,Homme,6.4783333333333335,,H,6 heures 28 minutes,47%,2022-01-31,[{'media': 'TV'}],M6_
all,Silence,0.39,,H,23 minutes,3%,2022-01-01,[{'media': 'TV'}],TF1
all,Bruit,1.0119444444444445,,H,1 heure 0 minute,7%,2022-01-01,[{'media': 'TV'}],TF1
all,Musique,2.838888888888889,,H,2 heures 50 minutes,20%,2022-01-01,[{'media': 'TV'}],TF1
all,Femme,3.6475,,H,3 heures 38 minutes,26%,2022-01-01,[{'media': 'TV'}],TF1
all,Homme,6.114722222222222,,H,6 heures 6 minutes,44%,2022-01-01,[{'media': 'TV'}],TF1
all,Silence,0.29,,H,17 minutes,2%,2022-01-02,[{'media': 'TV'}],TF1
all,Bruit,1.5286111111111111,,H,1 heure 31 minutes,11%,2022-01-02,[{'media': 'TV'}],TF1
all,Musique,1.8008333333333333,,H,1 heure 48 minutes,13%,2022-01-02,[{'media': 'TV'}],TF1
all,Femme,3.5675,,H,3 heures 34 minutes,25%,2022-01-02,[{'media': 'TV'}],TF1
all,Homme,6.816388888888889,,H,6 heures 48 minutes,49%,2022-01-02,[{'media': 'TV'}],TF1
all,Silence,0.5272222222222223,,H,31 minutes,4%,2022-01-03,[{'media': 'TV'}],TF1
all,Bruit,1.0494444444444444,,H,1 heure 2 minutes,7%,2022-01-03,[{'media': 'TV'}],TF1
all,Musique,2.6372222222222224,,H,2 heures 38 minutes,19%,2022-01-03,[{'media': 'TV'}],TF1
all,Femme,4.825,,H,4 heures 49 minutes,34%,2022-01-03,[{'media': 'TV'}],TF1
all,Homme,4.964444444444444,,H,4 heures 57 minutes,35%,2022-01-03,[{'media': 'TV'}],TF1
all,Silence,0.5369444444444444,,H,32 minutes,4%,2022-01-04,[{'media': 'TV'}],TF1
all,Bruit,1.5325,,H,1 heure 31 minutes,11%,2022-01-04,[{'media': 'TV'}],TF1
all,Musique,1.9877777777777779,,H,1 heure 59 minutes,14%,2022-01-04,[{'media': 'TV'}],TF1
all,Femme,4.450555555555556,,H,4 heures 27 minutes,32%,2022-01-04,[{'media': 'TV'}],TF1
all,Homme,5.495,,H,5 heures 29 minutes,39%,2022-01-04,[{'media': 'TV'}],TF1
all,Silence,0.6402777777777777,,H,38 minutes,5%,2022-01-05,[{'media': 'TV'}],TF1
all,Bruit,1.0577777777777777,,H,1 heure 3 minutes,8%,2022-01-05,[{'media': 'TV'}],TF1
all,Musique,2.261388888888889,,H,2 heures 15 minutes,16%,2022-01-05,[{'media': 'TV'}],TF1
all,Femme,4.835555555555556,,H,4 heures 50 minutes,35%,2022-01-05,[{'media': 'TV'}],TF1
all,Homme,5.208055555555555,,H,5 heures 12 minutes,37%,2022-01-05,[{'media': 'TV'}],TF1
all,Silence,0.49416666666666664,,H,29 minutes,4%,2022-01-06,[{'media': 'TV'}],TF1
all,Bruit,1.408611111111111,,H,1 heure 24 minutes,10%,2022-01-06,[{'media': 'TV'}],TF1
all,Musique,2.5630555555555556,,H,2 heures 33 minutes,18%,2022-01-06,[{'media': 'TV'}],TF1
all,Femme,4.7425,,H,4 heures 44 minutes,34%,2022-01-06,[{'media': 'TV'}],TF1
all,Homme,4.794444444444444,,H,4 heures 47 minutes,34%,2022-01-06,[{'media': 'TV'}],TF1
all,Silence,0.4936111111111111,,H,29 minutes,4%,2022-01-07,[{'media': 'TV'}],TF1
all,Bruit,0.995,,H,59 minutes,7%,2022-01-07,[{'media': 'TV'}],TF1
all,Musique,2.7769444444444447,,H,2 heures 46 minutes,20%,2022-01-07,[{'media': 'TV'}],TF1
all,Femme,4.302222222222222,,H,4 heures 18 minutes,31%,2022-01-07,[{'media': 'TV'}],TF1
all,Homme,5.435,,H,5 heures 26 minutes,39%,2022-01-07,[{'media': 'TV'}],TF1
all,Homme,0.0008333333333333334,,H,0 minute,3%,2022-01-08,[{'media': 'TV'}],TF1
all,Bruit,0.9238888888888889,,H,55 minutes,7%,2022-01-09,[{'media': 'TV'}],TF1
all,Musique,1.996388888888889,,H,1 heure 59 minutes,15%,2022-01-09,[{'media': 'TV'}],TF1
all,Femme,3.338611111111111,,H,3 heures 20 minutes,25%,2022-01-09,[{'media': 'TV'}],TF1
all,Homme,7.2625,,H,7 heures 15 minutes,54%,2022-01-09,[{'media': 'TV'}],TF1
all,Bruit,1.1419444444444444,,H,1 heure 8 minutes,9%,2022-01-10,[{'media': 'TV'}],TF1
all,Musique,2.5766666666666667,,H,2 heures 34 minutes,19%,2022-01-10,[{'media': 'TV'}],TF1
all,Homme,4.516944444444444,,H,4 heures 31 minutes,34%,2022-01-10,[{'media': 'TV'}],TF1
all,Femme,5.188611111111111,,H,5 heures 11 minutes,39%,2022-01-10,[{'media': 'TV'}],TF1
all,Bruit,1.5763888888888888,,H,1 heure 34 minutes,12%,2022-01-11,[{'media': 'TV'}],TF1
all,Musique,2.1572222222222224,,H,2 heures 9 minutes,16%,2022-01-11,[{'media': 'TV'}],TF1
all,Femme,4.567222222222222,,H,4 heures 34 minutes,34%,2022-01-11,[{'media': 'TV'}],TF1
all,Homme,5.186944444444444,,H,5 heures 11 minutes,38%,2022-01-11,[{'media': 'TV'}],TF1
all,Bruit,1.1030555555555555,,H,1 heure 6 minutes,8%,2022-01-12,[{'media': 'TV'}],TF1
all,Musique,2.426111111111111,,H,2 heures 25 minutes,18%,2022-01-12,[{'media': 'TV'}],TF1
all,Homme,4.927222222222222,,H,4 heures 55 minutes,37%,2022-01-12,[{'media': 'TV'}],TF1
all,Femme,4.96,,H,4 heures 57 minutes,37%,2022-01-12,[{'media': 'TV'}],TF1
all,Bruit,1.5291666666666666,,H,1 heure 31 minutes,11%,2022-01-13,[{'media': 'TV'}],TF1
all,Musique,2.5927777777777776,,H,2 heures 35 minutes,19%,2022-01-13,[{'media': 'TV'}],TF1
all,Homme,4.480277777777777,,H,4 heures 28 minutes,33%,2022-01-13,[{'media': 'TV'}],TF1
all,Femme,4.888333333333334,,H,4 heures 53 minutes,36%,2022-01-13,[{'media': 'TV'}],TF1
all,Bruit,1.2791666666666666,,H,1 heure 16 minutes,9%,2022-01-14,[{'media': 'TV'}],TF1
all,Musique,2.600277777777778,,H,2 heures 36 minutes,19%,2022-01-14,[{'media': 'TV'}],TF1
all,Femme,4.019166666666667,,H,4 heures 1 minute,30%,2022-01-14,[{'media': 'TV'}],TF1
all,Homme,5.7,,H,5 heures 42 minutes,42%,2022-01-14,[{'media': 'TV'}],TF1
all,Bruit,0.6763888888888889,,H,40 minutes,5%,2022-01-15,[{'media': 'TV'}],TF1
all,Musique,2.2419444444444445,,H,2 heures 14 minutes,16%,2022-01-15,[{'media': 'TV'}],TF1
all,Femme,5.360277777777778,,H,5 heures 21 minutes,39%,2022-01-15,[{'media': 'TV'}],TF1
all,Homme,5.445277777777778,,H,5 heures 26 minutes,40%,2022-01-15,[{'media': 'TV'}],TF1
all,Bruit,1.2197222222222222,,H,1 heure 13 minutes,9%,2022-01-16,[{'media': 'TV'}],TF1
all,Musique,2.106388888888889,,H,2 heures 6 minutes,15%,2022-01-16,[{'media': 'TV'}],TF1
all,Femme,4.065277777777778,,H,4 heures 3 minutes,30%,2022-01-16,[{'media': 'TV'}],TF1
all,Homme,6.213888888888889,,H,6 heures 12 minutes,46%,2022-01-16,[{'media': 'TV'}],TF1
all,Bruit,1.0869444444444445,,H,1 heure 5 minutes,8%,2022-01-17,[{'media': 'TV'}],TF1
all,Musique,2.6480555555555556,,H,2 heures 38 minutes,20%,2022-01-17,[{'media': 'TV'}],TF1
all,Femme,4.677777777777778,,H,4 heures 40 minutes,35%,2022-01-17,[{'media': 'TV'}],TF1
all,Homme,5.0938888888888885,,H,5 heures 5 minutes,38%,2022-01-17,[{'media': 'TV'}],TF1
all,Bruit,1.1933333333333334,,H,1 heure 11 minutes,9%,2022-01-18,[{'media': 'TV'}],TF1
all,Musique,2.397222222222222,,H,2 heures 23 minutes,18%,2022-01-18,[{'media': 'TV'}],TF1
all,Femme,4.275833333333333,,H,4 heures 16 minutes,32%,2022-01-18,[{'media': 'TV'}],TF1
all,Homme,5.497222222222222,,H,5 heures 29 minutes,41%,2022-01-18,[{'media': 'TV'}],TF1
all,Bruit,1.085,,H,1 heure 5 minutes,8%,2022-01-19,[{'media': 'TV'}],TF1
all,Musique,2.636111111111111,,H,2 heures 38 minutes,20%,2022-01-19,[{'media': 'TV'}],TF1
all,Femme,4.653611111111111,,H,4 heures 39 minutes,35%,2022-01-19,[{'media': 'TV'}],TF1
all,Homme,4.903611111111111,,H,4 heures 54 minutes,37%,2022-01-19,[{'media': 'TV'}],TF1
all,Bruit,1.2238888888888888,,H,1 heure 13 minutes,9%,2022-01-20,[{'media': 'TV'}],TF1
all,Musique,2.5244444444444443,,H,2 heures 31 minutes,19%,2022-01-20,[{'media': 'TV'}],TF1
all,Femme,4.633333333333334,,H,4 heures 38 minutes,34%,2022-01-20,[{'media': 'TV'}],TF1
all,Homme,5.1,,H,5 heures 6 minutes,38%,2022-01-20,[{'media': 'TV'}],TF1
all,Bruit,0.9361111111111111,,H,56 minutes,7%,2022-01-21,[{'media': 'TV'}],TF1
all,Musique,2.6944444444444446,,H,2 heures 41 minutes,20%,2022-01-21,[{'media': 'TV'}],TF1
all,Femme,4.167222222222223,,H,4 heures 10 minutes,31%,2022-01-21,[{'media': 'TV'}],TF1
all,Homme,5.729166666666667,,H,5 heures 43 minutes,42%,2022-01-21,[{'media': 'TV'}],TF1
all,Bruit,0.4736111111111111,,H,28 minutes,3%,2022-01-22,[{'media': 'TV'}],TF1
all,Musique,2.2455555555555557,,H,2 heures 14 minutes,16%,2022-01-22,[{'media': 'TV'}],TF1
all,Femme,4.583888888888889,,H,4 heures 35 minutes,33%,2022-01-22,[{'media': 'TV'}],TF1
all,Homme,6.3886111111111115,,H,6 heures 23 minutes,47%,2022-01-22,[{'media': 'TV'}],TF1
all,Bruit,1.3675,,H,1 heure 22 minutes,10%,2022-01-23,[{'media': 'TV'}],TF1
all,Musique,1.73,,H,1 heure 43 minutes,13%,2022-01-23,[{'media': 'TV'}],TF1
all,Femme,3.8925,,H,3 heures 53 minutes,28%,2022-01-23,[{'media': 'TV'}],TF1
all,Homme,6.668333333333333,,H,6 heures 40 minutes,49%,2022-01-23,[{'media': 'TV'}],TF1
all,Bruit,0.9641666666666666,,H,57 minutes,7%,2022-01-24,[{'media': 'TV'}],TF1
all,Musique,2.9766666666666666,,H,2 heures 58 minutes,22%,2022-01-24,[{'media': 'TV'}],TF1
all,Femme,4.541111111111111,,H,4 heures 32 minutes,34%,2022-01-24,[{'media': 'TV'}],TF1
all,Homme,4.898055555555556,,H,4 heures 53 minutes,37%,2022-01-24,[{'media': 'TV'}],TF1
all,Bruit,1.2183333333333333,,H,1 heure 13 minutes,9%,2022-01-25,[{'media': 'TV'}],TF1
all,Musique,2.475,,H,2 heures 28 minutes,18%,2022-01-25,[{'media': 'TV'}],TF1
all,Femme,4.431111111111111,,H,4 heures 25 minutes,33%,2022-01-25,[{'media': 'TV'}],TF1
all,Homme,5.283333333333333,,H,5 heures 17 minutes,39%,2022-01-25,[{'media': 'TV'}],TF1
all,Bruit,0.8477777777777777,,H,50 minutes,6%,2022-01-26,[{'media': 'TV'}],TF1
all,Musique,2.3713888888888888,,H,2 heures 22 minutes,18%,2022-01-26,[{'media': 'TV'}],TF1
all,Homme,5.018055555555556,,H,5 heures 1 minute,37%,2022-01-26,[{'media': 'TV'}],TF1
all,Femme,5.165277777777778,,H,5 heures 9 minutes,39%,2022-01-26,[{'media': 'TV'}],TF1
all,Bruit,1.3702777777777777,,H,1 heure 22 minutes,10%,2022-01-27,[{'media': 'TV'}],TF1
all,Musique,2.812777777777778,,H,2 heures 48 minutes,21%,2022-01-27,[{'media': 'TV'}],TF1
all,Femme,4.4625,,H,4 heures 27 minutes,33%,2022-01-27,[{'media': 'TV'}],TF1
all,Homme,4.907777777777778,,H,4 heures 54 minutes,36%,2022-01-27,[{'media': 'TV'}],TF1
all,Bruit,1.2772222222222223,,H,1 heure 16 minutes,9%,2022-01-28,[{'media': 'TV'}],TF1
all,Musique,2.612222222222222,,H,2 heures 36 minutes,19%,2022-01-28,[{'media': 'TV'}],TF1
all,Femme,3.834722222222222,,H,3 heures 50 minutes,28%,2022-01-28,[{'media': 'TV'}],TF1
all,Homme,5.851111111111111,,H,5 heures 51 minutes,43%,2022-01-28,[{'media': 'TV'}],TF1
all,Bruit,0.6658333333333334,,H,39 minutes,5%,2022-01-29,[{'media': 'TV'}],TF1
all,Musique,2.6319444444444446,,H,2 heures 37 minutes,19%,2022-01-29,[{'media': 'TV'}],TF1
all,Femme,4.224722222222222,,H,4 heures 13 minutes,31%,2022-01-29,[{'media': 'TV'}],TF1
all,Homme,6.190833333333333,,H,6 heures 11 minutes,45%,2022-01-29,[{'media': 'TV'}],TF1
all,Bruit,1.0597222222222222,,H,1 heure 3 minutes,8%,2022-01-30,[{'media': 'TV'}],TF1
all,Musique,1.7852777777777777,,H,1 heure 47 minutes,13%,2022-01-30,[{'media': 'TV'}],TF1
all,Femme,4.2775,,H,4 heures 16 minutes,32%,2022-01-30,[{'media': 'TV'}],TF1
all,Homme,6.440555555555555,,H,6 heures 26 minutes,47%,2022-01-30,[{'media': 'TV'}],TF1
all,Bruit,1.235,,H,1 heure 14 minutes,9%,2022-01-31,[{'media': 'TV'}],TF1
all,Musique,2.4494444444444445,,H,2 heures 26 minutes,18%,2022-01-31,[{'media': 'TV'}],TF1
all,Femme,4.331666666666667,,H,4 heures 19 minutes,32%,2022-01-31,[{'media': 'TV'}],TF1
all,Homme,5.3758333333333335,,H,5 heures 22 minutes,40%,2022-01-31,[{'media': 'TV'}],TF1
