titre,réalisateur(s),année_de_production,groupe_de_nationalité2,année_de_dernière_diffusion,nb._de_diffusions,dont_en_première_partie_de_soirée,nb._moyen_de_diffusions_par_an
DELPHINE 1-YVAN 0,FARRUGIA Dominique,1996,FRANCE,2024,75,5,2.8846153846153846
DOUZE TRAVAUX D ASTERIX (LES),GOSCINNY René,1975,FRANCE,2024,63,48,1.7027027027027026
ASTERIX ET CLEOPATRE,GOSCINNY René,1968,FRANCE,2024,62,47,1.5121951219512195
KIRIKOU ET LES BETES SAUVAGES,OCELOT Michel,2004,FRANCE,2021,61,23,3.588235294117647
DEUX HEURES MOINS LE QUART AVANT J.C.,YANNE Jean,1982,FRANCE,2024,60,35,1.5789473684210527
ASTERIX LE GAULOIS,GOSCINNY René,1967,FRANCE,2024,60,43,1.3953488372093024
ASTERIX ET LA SURPRISE DE CESAR,BRIZZI Gaëtan,1985,FRANCE,2024,59,54,2.269230769230769
ASTERIX CHEZ LES BRETONS,BRIZZI Gaëtan,1985,FRANCE,2024,58,52,2.230769230769231
TINTIN ET LE LAC AUX REQUINS,CHARLIER Jean-Michel,1972,BELGIQUE / FRANCE,2024,57,24,2.0357142857142856
SCOUT TOUJOURS,JUGNOT Gérard,1985,FRANCE,2024,57,38,1.5405405405405406
TINTIN ET LE TEMPLE DU SOLEIL,LEBLANC Raymond,1969,BELGIQUE / FRANCE,2024,56,20,2.0
GRAND RESTAURANT (LE),BESNARD Jacques,1966,FRANCE,2024,54,30,1.0384615384615385
ASTERIX ET LE COUP DU MENHIR,GRIMOND Philippe,1988,FRANCE,2024,54,48,2.076923076923077
BOUGE,CORNUAU Jérôme,1997,FRANCE,2024,54,10,2.25
VIE EST UN LONG FLEUVE TRANQUILLE (LA),CHATILIEZ Etienne,1987,FRANCE,2024,53,35,1.606060606060606
KIRIKOU ET LA SORCIERE,OCELOT Michel,1995,FRANCE / BELGIQUE,2021,53,27,2.3043478260869565
SOUS DOUES (LES),ZIDI Claude,1979,FRANCE,2024,52,34,1.2682926829268293
ASTERIX ET LES INDIENS,HAHN Gerhard,1994,ALLEMAGNE,2024,51,45,1.9615384615384615
SOUS DOUES EN VACANCES (LES),ZIDI Claude,1981,FRANCE,2024,50,34,1.3157894736842106
FLIC OU VOYOU,LAUTNER Georges,1979,FRANCE,2024,50,33,1.3157894736842106
BOUM (LA),PINOTEAU Claude,1980,FRANCE,2024,48,24,1.170731707317073
CERVEAU (LE),OURY Gérard,1968,FRANCE / ITALIE,2023,48,29,1.0434782608695652
ON L APPELLE TRINITA,CLUCHER E. B.,1971,ITALIE / FRANCE,2023,46,22,1.2432432432432432
GRAND BLEU (LE),BESSON Luc,1987,FRANCE,2023,46,37,1.393939393939394
BANZAI,ZIDI Claude,1982,FRANCE,2024,46,32,1.2105263157894737
PACHA (LE),LAUTNER Georges,1967,FRANCE,2024,46,30,0.8846153846153846
CARTOUCHE,DE BROCA Philippe,1961,FRANCE / Italie,2024,46,18,0.8846153846153846
OPERATION CORNED BEEF (L'),POIRE Jean-Marie,1990,FRANCE,2024,45,34,1.5
RETOUR DE LA MOMIE (LE),SOMMERS Stephen,2001,ETATS UNIS,2024,45,26,2.25
P R O F S,SCHULMANN Patrick,1985,FRANCE,2024,44,31,1.2222222222222223
HEROINES,KRAWCZYK Gérard,1996,FRANCE,2023,44,4,1.8333333333333333
11 COMMANDEMENTS (LES),DESAGNAT François,2003,FRANCE,2024,44,38,2.4444444444444446
TATIE DANIELLE,CHATILIEZ Etienne,1989,FRANCE,2024,43,31,1.34375
IL ETAIT UNE FOIS DANS L OUEST,LEONE Sergio,1969,ITALIE,2024,43,28,1.2285714285714286
NIKITA,BESSON Luc,1989,FRANCE,2021,43,31,1.3870967741935485
TRAVERSEE DE PARIS (LA),AUTANT-LARA Claude,1956,FRANCE / Italie,2019,43,21,0.7543859649122807
PEAU D ANE,DEMY Jacques,1970,FRANCE,2021,43,19,0.8775510204081632
RETOUR VERS LE FUTUR,ZEMECKIS Robert,1985,ETATS UNIS,2024,43,23,1.2647058823529411
ASTERIX ET LES VIKINGS,FJELDMARK Stephan,2004,FRANCE,2024,43,34,2.6875
BOUM 2 (LA),PINOTEAU Claude,1982,FRANCE,2024,42,21,1.105263157894737
FOUS DU STADE (LES),ZIDI Claude,1972,FRANCE,2017,42,26,0.9545454545454546
GLOIRE DE MON PERE (LA),ROBERT Yves,1989,FRANCE,2024,42,27,1.3548387096774193
COUP DE FOUDRE A NOTTING HILL,MICHELL Roger,1999,GRANDE BRETAGNE,2024,42,25,1.9090909090909092
CAPITAN (LE),HUNEBELLE André,1960,FRANCE / Italie,2020,41,12,0.7592592592592593
FANTOMAS SE DECHAINE,HUNEBELLE André,1965,FRANCE / ITALIE,2024,41,25,0.8541666666666666
RAMBO,KOTCHEFF Ted,1982,ETATS UNIS,2024,41,17,1.1388888888888888
QUATRE MARIAGES ET UN ENTERREMENT,NEWELL Mike,1994,GRANDE BRETAGNE,2024,41,27,1.5185185185185186
LIGUE DES GENTLEMEN EXTRAORDINAIRES (LA),NORRINGTON Stephen,2003,ETATS UNIS,2024,41,25,2.2777777777777777
JURASSIC PARK,SPIELBERG Steven,1992,ETATS UNIS,2024,41,22,1.5185185185185186
MAGNIFIQUE (LE),DE BROCA Philippe,1973,FRANCE,2024,40,20,0.8888888888888888
NUIT D IVRESSE,NAUER Bernard,1986,FRANCE,2024,40,27,1.1111111111111112
POUR CENT BRIQUES T AS PLUS RIEN,MOLINARO Edouard,1982,FRANCE,2023,40,26,1.0
HIBERNATUS,MOLINARO Edouard,1969,FRANCE / ITALIE,2024,40,22,0.851063829787234
ZIZANIE (LA),ZIDI Claude,1977,FRANCE,2023,40,25,0.9302325581395349
TULIPE NOIRE (LA),CHRISTIAN-JAQUE,1963,FRANCE / ESPAGNE,2023,40,11,0.7692307692307693
VILAINE,BENES Jean-Patrick,2007,France,2024,40,30,3.076923076923077
VERITE SI JE MENS (LA),GILOU Thomas,1996,FRANCE,2024,40,27,1.6666666666666667
CITE DE LA PEUR... (LA),BERBERIAN Alain,1993,FRANCE,2024,40,30,1.4285714285714286
FLIC DE BEVERLY HILLS (LE),BREST Martin,1984,ETATS UNIS,2023,39,21,1.1470588235294117
FANTOMAS,HUNEBELLE André,1964,FRANCE / ITALIE,2023,39,23,0.8125
BANDE A PICSOU LE FILM (LA),COLLECTIF,1989,FRANCE,2023,39,26,1.3448275862068966
TOP GUN,SCOTT Tony,1986,ETATS UNIS,2024,39,28,1.1470588235294117
ETUDIANTE (L'),PINOTEAU Claude,1988,FRANCE / ITALIE,2024,39,18,1.1470588235294117
RETOUR VERS LE FUTUR II,ZEMECKIS Robert,1989,ETATS UNIS,2024,39,23,1.3
DIABOLO MENTHE,KURYS Diane,1977,FRANCE,2024,39,17,0.9069767441860465
FLIC DE BEVERLY HILLS 2 (LE),SCOTT Tony,1987,ETATS UNIS,2023,39,20,1.1818181818181819
VIAGER (LE),TCHERNIA Pierre,1971,FRANCE,2023,39,26,0.8125
FANTOMAS CONTRE SCOTLAND YARD,HUNEBELLE André,1966,FRANCE / ITALIE,2024,39,23,0.8125
FILLE DE D ARTAGNAN (LA),TAVERNIER Bertrand,1993,FRANCE,2023,39,15,1.3928571428571428
GHOST,ZUCKER Jerry,1990,ETATS UNIS,2024,38,23,1.2666666666666666
PIEGE DE CRISTAL,MacTIERNAN John,1987,ETATS UNIS,2024,38,22,1.1875
RAMBO II,COSMATOS George P,1985,ETATS UNIS,2024,38,18,1.1176470588235294
GRAND BLOND AVEC UNE CHAUSSURE NOIRE (LE),ROBERT Yves,1972,FRANCE,2024,38,28,0.8636363636363636
CHATEAU DE MA MERE (LE),ROBERT Yves,1989,FRANCE,2024,38,20,1.2258064516129032
CHAOS - TONY GIGLIO -,GIGLIO Tony,2004,GRANDE BRETAGNE,2024,38,23,2.533333333333333
VISITEURS EN AMERIQUE (LES),POIRE Jean-Marie,2000,FRANCE,2024,38,25,1.9
MEN IN BLACK,SONNENFELD Barry,1997,ETATS UNIS,2024,38,23,1.6521739130434783
RRRRRRR,CHABAT Alain,2003,FRANCE,2024,38,26,2.235294117647059
DIKKENEK,VAN HOOFSTADT Olivier,2005,FRANCE / BELGIQUE,2024,38,26,2.7142857142857144
MONDE PERDU JURASSIC PARK (LE),SPIELBERG Steven,1997,ETATS UNIS,2024,38,22,1.6521739130434783
PETIT BAIGNEUR (LE),DHERY Robert,1967,FRANCE,2024,37,21,0.7708333333333334
MUHAMMAD ALI THE GREATEST 1964 1974,KLEIN William,1974,FRANCE,2020,37,9,1.4230769230769231
VENGEANCE DU SERPENT A PLUMES (LA),OURY Gérard,1984,FRANCE,2024,37,24,1.0277777777777777
DIRTY DANCING,ARDOLINO Emile,1987,ETATS UNIS,2024,37,26,1.15625
TOUR MONTPARNASSE INFERNALE (LA),NEMES Charles,2000,FRANCE,2024,37,28,1.7619047619047619
REGRETS (LES),KAHN Cédric,2008,FRANCE,2024,37,1,3.0833333333333335
CACTUS (LE),BITTON Gerard,2005,FRANCE,2024,37,9,2.466666666666667
CROISIERE (LA),POUZADOUX Pascale,2010,FRANCE,2024,36,24,4.0
OURS (L'),ANNAUD Jean-Jacques,1987,FRANCE,2024,36,23,1.125
COUP DE TETE,ANNAUD Jean-Jacques,1978,FRANCE,2022,36,19,0.8571428571428571
MON NOM EST PERSONNE,VALERII Tonino,1973,ITALIE / FRANCE,2024,36,18,0.8
AVENTURES DE ROBIN DES BOIS (LES),CURTIZ Michael,1938,ETATS UNIS,2024,36,8,0.6666666666666666
"YAMAKASI, LES 7 SAMOURAI DES TEMPS MODERNES (LES)",ZEITOUN Ariel,2000,FRANCE,2022,36,27,1.7142857142857142
MAITRE D ECOLE (LE),BERRI Claude,1981,FRANCE,2023,35,24,0.9210526315789473
PETIT MONDE DE DON CAMILLO (LE),DUVIVIER Julien,1951,ITALIE / FRANCE,2024,35,10,0.6363636363636364
RETOUR DU GRAND BLOND (LE),ROBERT Yves,1974,FRANCE,2024,35,19,0.7954545454545454
GHOSTBUSTERS SOS FANTOMES,REITMAN Ivan,1984,ETATS UNIS,2021,35,20,1.0
CUISINE AU BEURRE (LA),GRANGIER Gilles,1963,FRANCE,2024,35,21,0.7291666666666666
ANGELIQUE MARQUISE DES ANGES,BORDERIE Bernard,1964,FRANCE / ALLEMAGNE,2024,35,19,0.6730769230769231
58 MINUTES POUR VIVRE,HARLIN Renny,1990,ETATS UNIS,2024,35,21,1.1666666666666667
CHASSEURS DE DRAGONS,HEMMEN François,2006,France / Luxembourg,2024,35,17,2.5
UNE JOURNEE EN ENFER,MacTIERNAN John,1994,ETATS UNIS,2024,35,23,1.3461538461538463
RASTA ROCKETT,TURTELTAUB Jon,1993,ETATS UNIS,2024,35,23,1.2962962962962963
TROIE,PETERSEN Wolfgang,2003,GRANDE BRETAGNE,2024,35,24,2.0588235294117645
ANGELIQUE ET LE ROY,BORDERIE Bernard,1965,FRANCE / ALLEMAGNE,2024,34,22,0.6538461538461539
MERVEILLEUSE ANGELIQUE,BORDERIE Bernard,1964,FRANCE / ALLEMAGNE,2024,34,14,0.6538461538461539
HOMME DE RIO (L'),DE BROCA Philippe,1963,FRANCE / ITALIE,2021,34,9,0.6296296296296297
ARME FATALE (L'),DONNER Richard,1987,ETATS UNIS,2024,34,17,1.0303030303030303
GREASE,KLEISER Randal,1978,ETATS UNIS,2024,34,20,0.918918918918919
GRANDES VACANCES (LES),GIRAULT Jean,1967,FRANCE,2024,34,23,0.7727272727272727
ANGELIQUE ET LE SULTAN,BORDERIE Bernard,1967,FRANCE / ALLEMAGNE,2024,34,16,0.6538461538461539
GENDARME DE SAINT TROPEZ (LE),GIRAULT Jean,1964,FRANCE / ITALIE,2024,34,23,0.6938775510204082
GRAND BAZAR (LE),ZIDI Claude,1973,FRANCE,2024,34,19,0.7555555555555555
AVENTURIERS (LES),ENRICO Robert,1966,FRANCE,2024,34,10,0.68
MARGINAL (LE),DERAY Jacques,1983,FRANCE,2024,34,23,0.9444444444444444
DERNIER DOMICILE CONNU,GIOVANNI José,1969,FRANCE / ITALIE,2023,34,17,0.68
ARME FATALE II (L'),DONNER Richard,1989,ETATS UNIS,2024,34,20,1.0625
JUMANJI,JOHNSTON Joe,1995,ETATS UNIS,2024,34,19,1.36
FORREST GUMP,ZEMECKIS Robert,1993,ETATS UNIS,2023,34,22,1.3076923076923077
BAD BOYS FLICS DE CHOCS,BAY Michael,1994,ETATS UNIS,2024,34,18,1.36
ANGES GARDIENS (LES),POIRE Jean-Marie,1994,FRANCE,2023,34,23,1.3076923076923077
WASABI,KRAWCZYK Gérard,2001,FRANCE,2023,34,22,1.7
PALAIS ROYAL,LEMERCIER Valérie,2004,FRANCE / GRANDE BRETAGNE,2024,34,23,2.125
DIDIER,CHABAT Alain,1996,FRANCE,2024,34,26,1.36
LEON,BESSON Luc,1993,FRANCE,2024,34,21,1.2592592592592593
TAXI 3,KRAWCZYK Gérard,2001,FRANCE,2024,34,20,1.7894736842105263
PISCINE (LA),DERAY Jacques,1968,FRANCE / ITALIE,2024,33,12,0.673469387755102
TINTIN ET LE MYSTERE DE LA TOISON D OR,VIERNE Jean-Jacques,1961,FRANCE,2019,33,16,0.6226415094339622
LUCKY LUKE DAISY TOWN,GOSCINNY René,1970,FRANCE,2024,33,12,0.8048780487804879
NE NOUS FACHONS PAS,LAUTNER Georges,1965,FRANCE,2018,33,19,0.6346153846153846
PEUR SUR LA VILLE,VERNEUIL Henri,1974,FRANCE,2024,33,18,0.8048780487804879
ROBIN DES BOIS PRINCE DES VOLEURS,REYNOLDS Kevin,1990,GRANDE BRETAGNE,2024,33,22,1.1
INSPECTEUR LABAVURE,ZIDI Claude,1980,FRANCE,2024,33,22,0.7857142857142857
VIENS CHEZ MOI J HABITE CHEZ...,LECONTE Patrice,1980,FRANCE,2024,33,23,0.8048780487804879
ROIS MAGES (LES),BOURDON Didier,2001,FRANCE,2024,33,25,1.65
BILLY ELLIOT,DALDRY Stephen,2000,GRANDE BRETAGNE,2024,33,23,1.65
MAMMA MIA,LLOYD Phyllida,2007,GRANDE BRETAGNE,2024,33,19,2.5384615384615383
FLIC DE BEVERLY HILLS 3 (LE),LANDIS John,1993,ETATS UNIS,2023,33,20,1.2222222222222223
PLACARD (LE),VEBER Francis,2000,FRANCE,2023,33,22,1.5714285714285714
TOUR DU MONDE EN 80 JOURS (LE),CORACI Frank,2004,GRANDE BRETAGNE,2022,33,22,2.0625
GREMLINS,DANTE Joe,1984,ETATS UNIS,2024,32,17,0.9411764705882353
GENDARME A NEW YORK (LE),GIRAULT Jean,1965,FRANCE / ITALIE,2024,32,22,0.6666666666666666
CRIME DE L ORIENT EXPRESS (LE),LUMET Sidney,1974,GRANDE BRETAGNE,2024,32,15,0.7272727272727273
RAMBO III,MacDONALD Peter,1988,ETATS UNIS,2024,32,18,1.032258064516129
UN PONT TROP LOIN,ATTENBOROUGH Richard,1977,ETATS UNIS,2024,32,20,0.7804878048780488
COURSE A L ECHALOTE (LA),ZIDI Claude,1975,FRANCE,2024,32,16,0.7272727272727273
COUP DU PARAPLUIE (LE),OURY Gérard,1980,FRANCE,2023,32,15,0.8
CANONS DE NAVARONE (LES),LEE THOMPSON Jack,1960,GRANDE BRETAGNE,2023,32,14,0.6956521739130435
OSCAR,MOLINARO Edouard,1967,FRANCE,2022,32,19,0.6956521739130435
GENDARME SE MARIE (LE),GIRAULT Jean,1968,FRANCE / ITALIE,2024,32,22,0.6666666666666666
POUIC POUIC,GIRAULT Jean,1963,FRANCE,2023,32,13,0.6274509803921569
INDOMPTABLE ANGELIQUE 1ERE EPOQUE,BORDERIE Bernard,1967,FRANCE / ALLEMAGNE,2022,32,16,0.6153846153846154
GUERRE DES BOUTONS (LA),ROBERT Yves,1961,FRANCE,2017,32,15,0.8421052631578947
TEMPS MODERNES (LES),CHAPLIN Charles,1935,ETATS UNIS,2021,32,9,0.47761194029850745
MISERABLES (LES),DREYFUS Jean-Paul,1957,FRANCE / Italie,2016,32,12,0.6274509803921569
ROBIN DES BOIS - RIDLEY SCOTT -,SCOTT Ridley,2010,GRANDE BRETAGNE,2024,32,19,2.6666666666666665
TAIS-TOI,VEBER Francis,2002,FRANCE / ITALIE,2024,32,22,1.8823529411764706
TRANSPORTEUR (LE),LETERRIER Louis,2002,FRANCE,2024,32,21,1.6842105263157894
MEN IN BLACK II,SONNENFELD Barry,2002,ETATS UNIS,2024,32,20,1.6842105263157894
SISTER ACT,ARDOLINO Emile,1992,ETATS UNIS,2024,32,18,1.1428571428571428
LARGO WINCH,SALLE Jerome,2008,FRANCE,2024,32,21,2.4615384615384617
HOOK,SPIELBERG Steven,1991,ETATS UNIS,2024,32,19,1.103448275862069
IRON MAN,FAVREAU John,2007,ETATS UNIS,2024,32,21,2.4615384615384617
BOSSU - PHILIPPE DE BROCA - (LE),DE BROCA Philippe,1997,FRANCE,2024,32,19,1.3333333333333333
HISTOIRE SANS FIN (L'),PETERSEN Wolfgang,1984,ALLEMAGNE,2024,31,18,0.9117647058823529
QUELQUES MESSIEURS TROP TRANQUILLES,LAUTNER Georges,1972,FRANCE,2019,31,14,0.6595744680851063
DEUX HOMMES DANS LA VILLE,GIOVANNI José,1973,FRANCE / ITALIE,2020,31,13,0.7209302325581395
ALI BABA ET LES 40 VOLEURS,BECKER Jacques,1954,FRANCE,2022,31,11,0.4696969696969697
MAMAN J AI RATE L AVION,COLUMBUS Chris,1990,ETATS UNIS,2024,31,16,1.0333333333333334
TINTIN ET LES ORANGES BLEUES,CONDROYER Philippe,1964,FRANCE / ESPAGNE,2019,31,16,0.5961538461538461
PRETTY WOMAN,MARSHALL Garry,1990,ETATS UNIS,2024,31,23,1.0333333333333334
BALLADE DES DALTON (LA),GOSCINNY René,1977,FRANCE,2024,31,12,0.7560975609756098
CAGE AUX FOLLES (LA),MOLINARO Edouard,1978,ITALIE / FRANCE,2019,31,16,0.8378378378378378
TOTALE (LA),ZIDI Claude,1991,FRANCE,2023,31,22,1.0333333333333334
ARME FATALE III (L'),DONNER Richard,1992,ETATS UNIS,2024,31,19,1.0689655172413792
TAXI 2,KRAWCZYK Gérard,1999,FRANCE,2023,31,20,1.4090909090909092
"I, ROBOT",PROYAS Alex,2004,ETATS UNIS,2023,31,20,1.9375
SLUMDOG MILLIONAIRE,BOYLE Danny,2008,GRANDE BRETAGNE,2024,31,19,2.5833333333333335
ON NE CHOISIT PAS SA FAMILLE,CLAVIER Christian,2011,FRANCE,2024,31,9,3.1
OSS 117 LE CAIRE NID D ESPIONS,HAZANAVICIUS Michel,2005,FRANCE,2024,31,18,2.066666666666667
FABULEUX DESTIN D AMELIE POULAIN (LE),JEUNET Jean-Pierre,2000,FRANCE / ALLEMAGNE,2024,31,22,1.4761904761904763
T4XI,KRAWCZYK Gérard,2006,France,2024,31,15,2.066666666666667
PLUS BEAU METIER DU MONDE (LE),LAUZIER Gérard,1996,FRANCE,2023,31,22,1.24
MRS DOUBTFIRE,COLUMBUS Chris,1993,ETATS UNIS,2024,31,19,1.1923076923076923
ALIVE,BERTHE Frederic,2003,FRANCE / BELGIQUE,2024,31,4,1.9375
LIGNE VERTE (LA),DARABONT Franck,2000,ETATS UNIS,2024,31,21,1.4761904761904763
DERNIER EMPEREUR (LE),BERTOLUCCI Bernardo,1987,ITALIE,2024,30,19,0.8823529411764706
SOLITAIRE (LE),DERAY Jacques,1986,FRANCE,2024,30,21,0.8823529411764706
GENDARME EN BALADE (LE),GIRAULT Jean,1970,FRANCE,2024,30,20,0.625
MAIGRET TEND UN PIEGE,DELANNOY Jean,1957,FRANCE / ITALIE,2024,30,9,0.5084745762711864
RETOUR VERS LE FUTUR III,ZEMECKIS Robert,1990,ETATS UNIS,2024,30,20,1.0
VACHE ET LE PRISONNIER (LA),VERNEUIL Henri,1959,FRANCE / Italie,2023,30,13,0.5769230769230769
FAITES SAUTER LA BANQUE,GIRAULT Jean,1963,FRANCE,2024,30,16,0.5660377358490566
SOLEIL ROUGE,YOUNG Terence,1971,FRANCE,2024,30,16,0.6382978723404256
MELODIE EN SOUS SOL,VERNEUIL Henri,1962,FRANCE / ITALIE,2024,30,10,0.5882352941176471
MORT SUR LE NIL,GUILLERMIN John,1978,GRANDE BRETAGNE,2021,30,17,0.7142857142857143
THE GOONIES,DONNER Richard,1985,ETATS UNIS,2024,30,17,0.8823529411764706
SAMOURAI (LE),MELVILLE Jean-Pierre,1967,FRANCE / ITALIE,2024,30,8,0.5660377358490566
TU PEUX GARDER UN SECRET,ARCADY Alexandre,2007,France,2024,30,7,2.3076923076923075
JOHNNY ENGLISH,HOWITT Peter,2003,GRANDE BRETAGNE,2024,30,17,1.6666666666666667
STALINGRAD - JEAN-JACQUES ANNAUD -,ANNAUD Jean-Jacques,2001,ALLEMAGNE,2024,30,20,1.5
RANDONNEURS (LES),HAREL Philippe,1996,FRANCE,2024,30,20,1.2
CODE MERCURY,BECKER Harold,1998,ETATS UNIS,2024,30,20,1.3043478260869565
COMME T Y ES BELLE,AZUELOS Lisa,2004,FRANCE / GRANDE BRETAGNE,2022,30,24,2.0
SOIF DE L OR (LA),OURY Gérard,1992,FRANCE,2024,30,23,1.0714285714285714
ARTHUR ET LES MINIMOYS,BESSON Luc,2004,FRANCE,2024,30,21,2.0
7 ANS DE MARIAGE...,BOURDON Didier,2003,FRANCE,2024,30,22,1.6666666666666667
GAZON MAUDIT,BALASKO Josiane,1994,FRANCE,2021,30,21,1.1111111111111112
X-MEN,SINGER Bryan,2000,ETATS UNIS,2021,30,17,1.4285714285714286
FAST AND FURIOUS 4,LIN Justin,2008,ETATS UNIS,2024,30,16,2.3076923076923075
MUNE LE GARDIEN DE LA LUNE,PHILIPPON Benoît,2014,FRANCE,2024,29,8,4.833333333333333
TOUCHEZ PAS AU GRISBI,BECKER Jacques,1953,FRANCE / Italie,2024,29,10,0.6590909090909091
UNION SACREE (L'),ARCADY Alexandre,1988,FRANCE,2020,29,23,0.8787878787878788
MEURTRE AU SOLEIL,HAMILTON Guy,1981,GRANDE BRETAGNE,2024,29,15,0.7837837837837838
MOUTARDE ME MONTE AU NEZ (LA),ZIDI Claude,1974,FRANCE,2023,29,12,0.6444444444444445
JEUX INTERDITS,CLEMENT René,1951,FRANCE,2024,29,13,0.6041666666666666
ENFANTS DU PARADIS (LES),CARNE Marcel,1945,FRANCE,2012,29,5,0.453125
POINT BREAK EXTREME LIMITE,BIGELOW Kathryn,1991,ETATS UNIS,2024,29,11,0.9666666666666667
GUIGNOLO (LE),LAUTNER Georges,1979,FRANCE / ITALIE,2015,29,19,0.7073170731707317
ROMUALD ET JULIETTE,SERREAU Coline,1988,FRANCE,2020,29,23,0.90625
COMPERES (LES),VEBER Francis,1983,FRANCE,2024,29,20,0.7837837837837838
TRIBULATIONS D UN CHINOIS EN CHINE (LES),DE BROCA Philippe,1965,FRANCE / ITALIE,2024,29,7,0.5471698113207547
PINOT SIMPLE FLIC,JUGNOT Gérard,1984,FRANCE,2017,29,23,0.7837837837837838
ESPION LEVE TOI,BOISSET Yves,1981,FRANCE,2021,29,16,0.725
TAKEN,MOREL Pierre,2007,France,2024,29,16,2.230769230769231
AUBERGE ESPAGNOLE (L'),KLAPISCH Cédric,2001,FRANCE / ESPAGNE,2024,29,18,1.5263157894736843
X MEN II,SINGER Bryan,2002,ETATS UNIS,2021,29,19,1.6111111111111112
BATMAN BEGINS,NOLAN Christopher,2004,ETATS UNIS,2024,29,18,1.8125
COYOTE GIRLS,MacNALLY David,2000,ETATS UNIS,2024,29,19,1.45
TANGUY,CHATILIEZ Etienne,2001,FRANCE,2023,29,22,1.45
SPEED - GRAHAM YOST -,DE BONT Jan,1993,ETATS UNIS,2023,29,19,1.1153846153846154
ARTHUR ET LA VENGEANCE DE MALTAZARD,BESSON Luc,2008,FRANCE,2024,29,18,2.4166666666666665
GENS EN MAILLOT DE BAIN... NE SONT P (LES),ASSOUS Eric,1999,FRANCE,2024,29,18,1.380952380952381
EVADES (LES) - FRANK DARABONT -,DARABONT Franck,1994,ETATS UNIS,2024,29,23,1.1153846153846154
BRICE DE NICE,HUTH James,2004,FRANCE,2024,29,21,1.7058823529411764
TRIPLETTES DE BELLEVILLE (LES),CHOMET Sylvain,2000,FRANCE / CANADA,2022,29,17,1.5263157894736843
COMME UN CHEF,COHEN Daniel,2011,FRANCE  / ESPAGNE,2024,28,16,3.111111111111111
POUR UNE POIGNEE DE DOLLARS,LEONE Sergio,1964,ITALIE,2024,28,19,0.7567567567567568
DICTATEUR (LE),CHAPLIN Charles,1940,ETATS UNIS,2021,28,8,0.5957446808510638
BON LA BRUTE ET LE TRUAND (LE),LEONE Sergio,1966,ITALIE,2024,28,21,0.7
CESAR ET ROSALIE,SAUTET Claude,1972,FRANCE,2023,28,12,0.6222222222222222
SHOAH,LANZMANN Claude,1979,SUISSE / FRANCE,2024,28,16,0.7567567567567568
BONS BAISERS DE RUSSIE,YOUNG Terence,1963,GRANDE BRETAGNE,2023,28,15,0.8
FEMME DE MON POTE (LA),BLIER Bertrand,1983,FRANCE,2020,28,17,0.7567567567567568
COUP DE TORCHON,TAVERNIER Bertrand,1981,FRANCE,2024,28,11,0.7
SOS FANTOMES II,REITMAN Ivan,1989,ETATS UNIS,2021,28,12,0.9032258064516129
ADIEU POULET,GRANIER-DEFERRE Pierre,1975,FRANCE,2023,28,16,0.6222222222222222
ET DIEU CREA LA FEMME,VADIM Roger,1956,FRANCE,2018,28,8,0.5957446808510638
TERMINATOR 2,CAMERON James,1991,ETATS UNIS,2024,28,15,0.9655172413793104
JAMES BOND 007 CONTRE DR NO,YOUNG Terence,1962,GRANDE BRETAGNE,2020,28,16,0.7777777777777778
TROU NORMAND (LE),BOYER Jean,1952,FRANCE,2017,28,17,0.509090909090909
MARCHE A L OMBRE,BLANC Michel,1984,FRANCE,2024,28,17,0.7567567567567568
MALHEURS D ALFRED (LES),RICHARD Pierre,1971,FRANCE,2020,28,13,0.5833333333333334
TROIS HOMMES ET UN COUFFIN,SERREAU Coline,1985,FRANCE,2024,28,13,0.7567567567567568
SALAIRE DE LA PEUR (LE),CLOUZOT Henri-Georges,1951,FRANCE / Italie,2022,28,11,0.509090909090909
SHERLOCK HOLMES - GUY RITCHIE -,RITCHIE Guy,2008,GRANDE BRETAGNE,2024,28,16,2.3333333333333335
GOOD BYE LENIN,BECKER Wolfgang,2003,ALLEMAGNE,2023,28,9,1.5555555555555556
MASQUE DE L ARAIGNEE (LE),TAMAHORI Lee,2001,ETATS UNIS,2024,28,21,1.4
ET AU MILIEU COULE UNE RIVIERE,REDFORD Robert,1992,ETATS UNIS,2024,28,16,1.037037037037037
JURASSIC PARK III,JOHNSTON Joe,2001,ETATS UNIS,2024,28,19,1.4
THE QUEEN,FREARS Stephen,2005,GRANDE BRETAGNE / FRANCE,2024,28,16,2.0
TOUS A L OUEST UNE AVENTURE DE LUCKY LUK,JEAN MARIE Olivier,2006,France,2024,28,18,2.0
THE ROCK,BAY Michael,1995,ETATS UNIS,2024,28,24,1.12
J AI FAIM,QUENTIN Florence,2000,FRANCE,2022,28,21,1.4
BEETHOVEN 2,DANIEL Rod,1993,ETATS UNIS,2024,28,12,1.037037037037037
ARMAGEDDON,BAY Michael,1998,ETATS UNIS,2024,28,20,1.2727272727272727
SISTER ACT ACTE 2,DUKE Bill,1993,ETATS UNIS,2024,28,15,1.037037037037037
TRANSPORTEUR II (LE),LETERRIER Louis,2005,FRANCE,2024,28,16,1.75
MEMOIRE DANS LA PEAU (LA),LIMAN Doug,2001,ETATS UNIS,2024,28,17,1.4736842105263157
TRUE LIES LE CAMELEON,CAMERON James,1994,ETATS UNIS,2021,28,19,1.0769230769230769
FAST AND FURIOUS TOKYO DRIFT,LIN Justin,2005,ETATS UNIS,2020,28,13,1.8666666666666667
FAST & FURIOUS 2,SINGLETON John,2003,ETATS UNIS,2022,28,15,1.5555555555555556
